gpsno,risk_percentile_model,risk_percentile_upstream,risk_percentile_control,risk_percentile_proximal,risk_percentile_history,risk_percentile_quality,model_deduction,upstream_deduction,control_deduction,proximal_deduction,history_deduction,quality_deduction,total_deduction,safety_score,anchor_day,as_of_date,v12_risk_probability,evidence_confidence,confidence_level,route,grade,risk_level,management_action,top_risk_dimension,top_risk_events,safety_rank,risk_rank,fleet_safety_percentile
95200275,0.5863874345549738,0.518324607329843,0.556282722513089,0.14136125654450263,0.6570680628272252,0.7827225130890052,17.192511170198184,3.761245579890903,3.0945046736657433,0.19983004851840686,5.1808612702502685,2.4506181299854717,31.879570872508978,68.12042912749102,60,2026-07-30,0.5754117577761317,0.9783333333333333,高,full,C,中风险,安排针对性培训，两周后复评,事故与未遂历史,30000前碰撞预警；30002左车道偏移；30003右车道偏移,272,229,0.458
95200404,0.5916230366492147,0.12827225130890052,0.3331151832460733,0.4031413612565445,0.6570680628272252,0.599476439790576,17.5008908747019,0.23035278638195225,1.1096572530906499,1.6252295715577971,5.1808612702502685,1.4374880074559362,27.0844797634385,72.91552023656149,60,2026-07-30,0.5797449354076107,0.9916666666666666,高,full,C,中风险,安排针对性培训，两周后复评,事故与未遂历史,30000前碰撞预警；30005车距过近；30002左车道偏移,238,263,0.526
95200429,0.5497382198952879,0.1256544502617801,0.12238219895287958,0.3089005235602094,0.6832460732984293,0.8743455497382199,15.110605520681997,0.22104657218826237,0.149774026205422,0.9541953345577149,5.601902360132673,3.0579205613881197,25.095444375154187,74.90455562484581,60,2026-07-30,0.49836337867583286,0.9533333333333334,高,full,C,中风险,安排针对性培训，两周后复评,事故与未遂历史,30000前碰撞预警；30005车距过近；30003右车道偏移,221,280,0.56
95200489,0.5418848167539267,0.8691099476439791,0.399869109947644,0.3586387434554974,0.6570680628272252,0.8743455497382199,14.681957731421837,10.57492941531208,1.5989530509032102,1.2862174830733808,5.1808612702502685,3.0579205613881197,36.38083951234889,63.61916048765111,60,2026-07-30,0.4776217044961659,0.9999999999999999,高,full,D,高风险,24小时内人工复核，进行专项培训和重点监控,危险驾驶行为,30000前碰撞预警；30002左车道偏移；30005车距过近,302,199,0.398
95200503,0.4973821989528796,0.918848167539267,0.04842931937172775,0.02617801047120419,0.6570680628272252,0.8089005235602095,12.369452591760096,11.819947369863765,0.023453989748088048,0.006852882322304761,5.1808612702502685,2.617280228063924,32.01784833200845,67.98215166799156,60,2026-07-30,0.4047969868592521,0.9883333333333333,高,full,C,中风险,安排针对性培训，两周后复评,危险驾驶行为,41005抽烟；41009频繁低头；11406高速长下坡超速,273,228,0.456
95200550,0.7041884816753927,0.612565445026178,0.7388743455497382,0.34554973821989526,0.7801047120418848,0.599476439790576,24.794070886214744,5.253309942161674,5.4593529851155385,1.1940462158383816,7.302760340999425,1.4374880074559362,45.4410283777857,54.5589716222143,60,2026-07-30,0.7282589879227943,0.9999999999999999,高,full,D,高风险,24小时内人工复核，进行专项培训和重点监控,事故与未遂历史,30005车距过近；30003右车道偏移；30002左车道偏移,344,157,0.314
95200591,0.643979057591623,0.6465968586387435,0.337696335078534,0.40575916230366493,0.6570680628272252,0.599476439790576,20.735451330829743,5.853224966420877,1.1403881472547353,1.6464049779337189,5.1808612702502685,1.4374880074559362,35.993818700145276,64.00618129985472,60,2026-07-30,0.6712294383324297,0.9999999999999999,高,full,D,高风险,24小时内人工复核，进行专项培训和重点监控,危险驾驶行为,30000前碰撞预警；30005车距过近；30002左车道偏移,299,202,0.404
95200699,0.4319371727748691,0.4973821989528796,0.10209424083769635,0.10732984293193717,0.6570680628272252,0.599476439790576,9.328486061237355,3.4634467256928265,0.10423234012225543,0.11519695183794304,5.1808612702502685,1.4374880074559362,19.629711356596584,80.37028864340341,60,2026-07-30,0.3390087289698014,0.9966666666666666,高,full,B,较低风险,每周反馈主要扣分项，保持常规管理,事故与未遂历史,30000前碰撞预警；30002左车道偏移；30017长时间压线,141,360,0.72
95200716,0.5575916230366492,0.2801047120418848,0.46204188481675396,0.041884816753926704,0.6570680628272252,0.599476439790576,15.545420904032238,1.0984210959129408,2.1348270332501853,0.01754337874510019,5.1808612702502685,1.4374880074559362,25.414561689646668,74.58543831035334,60,2026-07-30,0.5119665132819473,0.9883333333333333,高,full,C,中风险,安排针对性培训，两周后复评,事故与未遂历史,30003右车道偏移；30002左车道偏移；30000前碰撞预警,225,276,0.552
95200727,0.6099476439790575,0.5130890052356021,0.4280104712041885,0.5916230366492147,0.6570680628272252,0.7670157068062827,18.601806419780157,3.685644582111236,1.8319296346043148,3.50017817494038,5.1808612702502685,2.3532523779501657,35.15367245963652,64.84632754036349,60,2026-07-30,0.6334664895088442,0.9999999999999999,高,full,D,高风险,24小时内人工复核，进行专项培训和重点监控,事故与未遂历史,30005车距过近；30002左车道偏移；30017长时间压线,293,208,0.416
95200741,0.5261780104712042,0.6020942408376964,0.11518324607329844,0.060209424083769635,0.693717277486911,0.6544502617801047,13.843164935171732,5.075244647898907,0.1326718017598202,0.036251747484992186,5.774923933006223,1.7132205805761902,26.575477645897863,73.42452235410214,60,2026-07-30,0.456444374588014,0.9583333333333334,高,full,C,中风险,安排针对性培训，两周后复评,事故与未遂历史,30002左车道偏移；30003右车道偏移；30000前碰撞预警,235,266,0.532
95200759,0.4816753926701571,0.6596858638743456,0.08704188481675391,0.2356020942408377,0.9319371727748691,0.599476439790576,11.6005591951975,6.092596145938982,0.07576289712453056,0.5550834681066856,10.422082727995395,1.4374880074559362,30.183572441819027,69.81642755818098,60,2026-07-30,0.3894904260526589,0.9816666666666666,高,full,C,中风险,安排针对性培训，两周后复评,事故与未遂历史,30000前碰撞预警；30002左车道偏移；30005车距过近,259,242,0.484
95200760,0.3717277486910995,0.981675392670157,0.08180628272251309,0.02617801047120419,0.6570680628272252,0.93717277486911,6.90907595734766,13.491612072037498,0.06692267892875743,0.006852882322304761,5.1808612702502685,3.5131712398234702,29.168496100709962,70.83150389929004,60,2026-07-30,0.2733170854729607,0.9183333333333333,高,full,C,中风险,安排针对性培训，两周后复评,危险驾驶行为,41021摄像头角度扭转；41023看手机；11406高速长下坡超速,253,248,0.496
95200775,0.5497382198952879,0.6780104712041884,0.7447643979057591,0.06282722513089005,0.6596858638743456,0.9214659685863874,15.110605520681997,6.435774786875359,5.546740083879279,0.03947260217647543,5.2222252679476995,3.3963981250513964,35.75121638661221,64.24878361338779,60,2026-07-30,0.5039744281143854,0.9999999999999999,高,full,D,高风险,24小时内人工复核，进行专项培训和重点监控,危险驾驶行为,30002左车道偏移；30003右车道偏移；30005车距过近,296,205,0.41
95200789,0.5366492146596858,0.6151832460732984,0.1511780104712042,0.29581151832460734,0.6570680628272252,0.599476439790576,14.399618979742879,5.298305967489926,0.22854790850031526,0.875044543735095,5.1808612702502685,1.4374880074559362,27.41986667717442,72.58013332282559,60,2026-07-30,0.46672898536869173,0.9183333333333333,高,full,C,中风险,安排针对性培训，两周后复评,危险驾驶行为,30000前碰撞预警；30005车距过近；30002左车道偏移,240,261,0.522
95200827,0.46596858638743455,0.5445026178010471,0.09096858638743456,0.13350785340314136,0.6570680628272252,0.599476439790576,10.856336174995203,4.150763411090705,0.08275283709328145,0.17824346920314682,5.1808612702502685,1.4374880074559362,21.88644517008854,78.11355482991146,60,2026-07-30,0.37637275322229496,0.9999999999999999,高,full,B,较低风险,每周反馈主要扣分项，保持常规管理,事故与未遂历史,30000前碰撞预警；30017长时间压线；30002左车道偏移,162,339,0.678
95200900,0.5602094240837696,0.031413612565445025,0.35994764397905754,0.22251308900523561,0.8586387434554974,0.9947643979057592,15.691729941613442,0.013815410761766398,1.2956230640607436,0.4951207477865191,8.847125901154026,3.9582248293632305,30.30163989473973,69.69836010526026,60,2026-07-30,0.5150922614168879,0.9999999999999999,高,full,C,中风险,安排针对性培训，两周后复评,事故与未遂历史,41006摄像头遮挡；41021摄像头角度扭转；30002左车道偏移,262,239,0.478
95200904,0.42670157068062825,0.5942408376963351,0.1106020942408377,0.1387434554973822,0.8691099476439791,0.599476439790576,9.103711521065758,4.943710424604589,0.12232823250459143,0.19249746443354077,9.06422521312464,1.4374880074559362,24.863960863189053,75.13603913681095,60,2026-07-30,0.33306356480094307,0.9983333333333333,高,full,B,较低风险,每周反馈主要扣分项，保持常规管理,事故与未遂历史,30000前碰撞预警；30002左车道偏移；30003右车道偏移,195,306,0.612
95200962,0.5968586387434555,0.643979057591623,0.6007853403141362,0.07591623036649214,0.6570680628272252,0.918848167539267,17.812011732134533,5.805926372632328,3.609430251363724,0.05763274033058304,5.1808612702502685,3.3771278199610757,35.84299018667251,64.15700981332749,60,2026-07-30,0.589170185332057,0.9999999999999999,高,full,D,高风险,24小时内人工复核，进行专项培训和重点监控,危险驾驶行为,30005车距过近；30002左车道偏移；30003右车道偏移,297,204,0.408
95201040,0.5890052356020943,0.7460732984293194,0.26897905759162305,0.7827225130890052,0.7120418848167539,0.599476439790576,17.346358378333928,7.79275513280886,0.7234973342287766,6.126545324963679,6.084043748800745,1.4374880074559362,39.51068792659192,60.48931207340808,60,2026-07-30,0.5765895108511647,0.9999999999999999,高,full,D,高风险,24小时内人工复核，进行专项培训和重点监控,危险驾驶行为,30000前碰撞预警；30005车距过近；30002左车道偏移,314,187,0.374
95201117,0.46335078534031415,1.0,0.2519633507853403,0.02617801047120419,0.6570680628272252,0.9502617801047121,10.734697513774293,14.0,0.6348553013897645,0.006852882322304761,5.1808612702502685,3.6119898029111046,34.169256770647735,65.83074322935227,60,2026-07-30,0.3736590923378909,0.9999999999999999,高,full,C,中风险,安排针对性培训，两周后复评,危险驾驶行为,41021摄像头角度扭转；41009频繁低头；41003注意力分散,288,213,0.426
95201197,0.8010471204188482,0.9397905759162304,0.8599476439790575,0.09162303664921466,0.6570680628272252,0.599476439790576,32.08382445656643,12.36488857213344,7.395099503851319,0.08394780844823332,5.1808612702502685,1.4374880074559362,58.54610961870563,41.45389038129437,60,2026-07-30,0.8306733276697021,0.9866666666666666,高,full,E,极高风险,立即人工核查，暂停高风险任务并制定整改计划,危险驾驶行为,30002左车道偏移；30003右车道偏移；30000前碰撞预警,405,96,0.192
95201242,0.5759162303664922,0.6544502617801047,0.6328534031413613,0.9895287958115183,0.6570680628272252,0.599476439790576,16.583975219977525,5.996272032016666,4.005034298676024,9.791672377401936,5.1808612702502685,1.4374880074559362,42.99530320577835,57.00469679422165,60,2026-07-30,0.5655725736953975,0.9999999999999999,高,full,D,高风险,24小时内人工复核，进行专项培训和重点监控,近端险情,30005车距过近；30000前碰撞预警；30002左车道偏移,333,168,0.336
95201246,0.6047120418848168,0.6282722513089005,0.6367801047120419,0.6492146596858639,0.6570680628272252,0.8534031413612565,18.28383268002522,5.526164304706559,4.05488901757079,4.214796743510321,5.1808612702502685,2.913187686741043,40.1737317028042,59.8262682971958,60,2026-07-30,0.6254057329765126,0.9983333333333333,高,full,D,高风险,24小时内人工复核，进行专项培训和重点监控,危险驾驶行为,30005车距过近；30000前碰撞预警；30003右车道偏移,315,186,0.372
95201298,0.4738219895287958,0.031413612565445025,0.3089005235602094,0.18586387434554974,0.8952879581151832,0.9842931937172775,11.225363888051314,0.013815410761766398,0.9541953345577149,0.345453797867383,9.61848633535265,3.875332364792632,26.032647131383463,73.96735286861653,60,2026-07-30,0.3831745648979319,0.9816666666666666,高,full,C,中风险,安排针对性培训，两周后复评,事故与未遂历史,41021摄像头角度扭转；30000前碰撞预警；30003右车道偏移,230,271,0.542
95201323,0.5235602094240838,0.5863874345549738,0.14594240837696335,0.193717277486911,0.7879581151832461,0.6413612565445026,13.705764644609522,4.813903127655491,0.21299186562868339,0.37526383596940877,7.450535895397604,1.6453770455853731,28.203836414846084,71.79616358515392,60,2026-07-30,0.45556935864194636,0.9999999999999999,高,full,C,中风险,安排针对性培训，两周后复评,事故与未遂历史,30000前碰撞预警；30003右车道偏移；30002左车道偏移,245,256,0.512
95201443,0.8455497382198953,0.49214659685863876,0.7715968586387435,0.6073298429319371,0.8821989528795812,0.599476439790576,35.74771799018667,3.3909158191935527,5.953617122611771,3.6884953811573147,9.339299909541953,1.4374880074559362,59.557534230147205,40.442465769852795,60,2026-07-30,0.868712488453251,0.9999999999999999,高,full,E,极高风险,立即人工核查，暂停高风险任务并制定整改计划,事故与未遂历史,30000前碰撞预警；30002左车道偏移；30003右车道偏移,413,88,0.176
95201513,0.6675392670157068,0.45287958115183247,0.3344240837696335,0.5654450261780105,0.8926701570680629,0.599476439790576,22.280433650393352,2.871398810339629,1.1183946780515885,3.1972807762945097,9.562320111839039,1.4374880074559362,40.46731603437405,59.53268396562595,60,2026-07-30,0.6990993185553589,0.9933333333333334,高,full,D,高风险,24小时内人工复核，进行专项培训和重点监控,事故与未遂历史,30005车距过近；30000前碰撞预警；30003右车道偏移,318,183,0.366
95201536,0.612565445026178,0.5602094240837696,0.6976439790575916,0.5157068062827225,0.837696335078534,0.599476439790576,18.761821222005977,4.393684383651763,4.867071215153093,2.6595351004632546,8.42082179764809,1.4374880074559362,40.54042172637811,59.45957827362189,60,2026-07-30,0.6395127711897263,0.9666666666666667,高,full,D,高风险,24小时内人工复核，进行专项培训和重点监控,事故与未遂历史,30005车距过近；30000前碰撞预警；30002左车道偏移,319,182,0.364
95201548,0.5209424083769634,0.5602094240837696,0.5366492146596858,0.06806282722513089,0.6570680628272252,0.9581151832460733,13.569049642279543,4.393684383651763,2.8799237959485757,0.046325484498780184,5.1808612702502685,3.6719388174666263,29.741783394095552,70.25821660590445,60,2026-07-30,0.45402648316208577,0.9799999999999999,高,full,C,中风险,安排针对性培训，两周后复评,事故与未遂历史,30002左车道偏移；30003右车道偏移；41006摄像头遮挡,257,244,0.488
95201609,0.5785340314136126,0.6910994764397905,0.4672774869109948,0.6230366492146597,0.6570680628272252,0.599476439790576,16.735081275184342,6.686658808694936,2.183482497738549,3.88174666264631,5.1808612702502685,1.4374880074559362,36.10531852197034,63.89468147802966,60,2026-07-30,0.5707057658056847,0.9983333333333333,高,full,D,高风险,24小时内人工复核，进行专项培训和重点监控,危险驾驶行为,30005车距过近；30000前碰撞预警；30002左车道偏移,300,201,0.402
95201632,0.5916230366492147,0.6099476439790575,0.8304973821989529,0.93717277486911,1.0,0.7958115183246073,17.5008908747019,5.208505797538444,6.897259018393136,8.782928099558676,12.0,2.533263890792467,52.922847680984624,47.077152319015376,60,2026-07-30,0.5815438306045624,0.9999999999999999,高,full,E,极高风险,立即人工核查，暂停高风险任务并制定整改计划,事故与未遂历史,30000前碰撞预警；30005车距过近；30002左车道偏移,378,123,0.246
95201656,0.7120418848167539,0.4738219895287958,0.2362565445026178,0.9083769633507853,0.9214659685863874,0.599476439790576,25.35018228666977,3.143101888654368,0.5581715482031742,8.25148707546394,10.18919437515419,1.4374880074559362,48.929625181601374,51.070374818398626,60,2026-07-30,0.7362085738228782,0.9999999999999999,高,full,D,高风险,24小时内人工复核，进行专项培训和重点监控,事故与未遂历史,30005车距过近；30000前碰撞预警；30002左车道偏移,362,139,0.278
95201765,0.5968586387434555,0.42408376963350786,0.5045811518324608,0.6596858638743456,0.6570680628272252,0.599476439790576,17.812011732134533,2.517858611331926,2.5460213878457285,4.351854389956416,5.1808612702502685,1.4374880074559362,33.8460953989748,66.1539046010252,60,2026-07-30,0.5897871399222593,0.9999999999999999,高,full,C,中风险,安排针对性培训，两周后复评,事故与未遂历史,30005车距过近；30000前碰撞预警；30003右车道偏移,287,214,0.428
95201803,0.6073298429319371,0.8926701570680629,0.35340314136125656,0.2696335078534031,0.7696335078534031,0.6858638743455497,18.442476905786574,11.15604013047888,1.2489378032400429,0.727022285573312,7.108028836928812,1.8816370165291523,40.56414297853678,59.43585702146322,60,2026-07-30,0.6274199097864301,0.9533333333333334,高,full,D,高风险,24小时内人工复核，进行专项培训和重点监控,危险驾驶行为,30000前碰撞预警；30002左车道偏移；30003右车道偏移,320,181,0.362
95201809,0.43455497382198954,0.17539267015706805,0.1243455497382199,0.20157068062827224,0.6570680628272252,0.599476439790576,9.4419012636715,0.43067624242756497,0.1546181573970012,0.4063073928894493,5.1808612702502685,1.4374880074559362,17.05185233409172,82.94814766590828,60,2026-07-30,0.33963737205674893,0.9949999999999999,高,full,B,较低风险,每周反馈主要扣分项，保持常规管理,事故与未遂历史,30005车距过近；30002左车道偏移；30003右车道偏移,101,400,0.8
95201816,0.5392670157068062,0.6073298429319371,0.17408376963350786,0.4973821989528796,0.6570680628272252,1.0,14.54044571146624,5.16389353362024,0.3030515884981223,2.473890518352019,5.1808612702502685,4.0,31.662142622186888,68.33785737781311,60,2026-07-30,0.46753374084904264,0.9866666666666666,高,full,C,中风险,安排针对性培训，两周后复评,事故与未遂历史,41021摄像头角度扭转；30000前碰撞预警；41006摄像头遮挡,270,231,0.462
95201850,0.7905759162303665,0.7774869109947644,0.525523560209424,0.6675392670157068,0.6832460732984293,0.599476439790576,31.25051396617417,8.46280255475453,2.7617501233518817,4.45608673007867,5.601902360132673,1.4374880074559362,53.97054374194786,46.02945625805214,60,2026-07-30,0.8184580710344423,0.9999999999999999,高,full,E,极高风险,立即人工核查，暂停高风险任务并制定整改计划,危险驾驶行为,30005车距过近；30000前碰撞预警；30002左车道偏移,387,114,0.228
95201961,0.6492146596858639,0.8089005235602095,0.6505235602094241,0.5340314136125655,0.6570680628272252,0.599476439790576,21.073983717551602,9.160480798223734,4.231809023875443,2.851895507250349,5.1808612702502685,1.4374880074559362,43.93651832460733,56.06348167539267,60,2026-07-30,0.6793605893140078,0.9466666666666667,高,full,D,高风险,24小时内人工复核，进行专项培训和重点监控,危险驾驶行为,30000前碰撞预警；30005车距过近；30003右车道偏移,337,164,0.328
95202013,0.7146596858638743,0.7303664921465969,0.6832460732984293,0.7670157068062827,0.6570680628272252,0.9476439790575916,25.536923329952575,7.468092979907349,4.668251966777227,5.883130944875415,5.1808612702502685,3.5921164441764204,52.32937693593925,47.67062306406075,60,2026-07-30,0.7484339589658418,0.9916666666666667,高,full,E,极高风险,立即人工核查，暂停高风险任务并制定整改计划,危险驾驶行为,30005车距过近；30000前碰撞预警；30002左车道偏移,376,125,0.25
95202153,0.5130890052356021,0.6361256544502618,0.041884816753926704,0.07853403141361257,0.9895287958115183,0.6073298429319371,13.163016364682987,5.665181875496835,0.01754337874510019,0.061675940900742854,11.750006852882322,1.4753981524629258,32.13282256517091,67.86717743482909,60,2026-07-30,0.4326549085303546,0.9983333333333333,高,full,C,中风险,安排针对性培训，两周后复评,事故与未遂历史,30000前碰撞预警；30002左车道偏移；30003右车道偏移,275,226,0.452
95300045,0.7068062827225131,0.6230366492146597,0.7657068062827225,0.35602094240837695,0.6570680628272252,0.8926701570680629,24.97875606480086,5.434445327704834,5.863069131876867,1.2675091143334885,5.1808612702502685,3.18744003727968,45.91208094624599,54.08791905375401,60,2026-07-30,0.7320659859991495,0.9349999999999999,高,full,D,高风险,24小时内人工复核，进行专项培训和重点监控,车辆控制稳定性,30005车距过近；30002左车道偏移；30003右车道偏移,352,149,0.298
95300054,0.44502617801047123,0.04450261780104712,0.14659685863874344,0.08376963350785341,0.6570680628272252,0.7539267015706806,9.902414955730382,0.027726761876045062,0.21490638962747727,0.07017351498040077,5.1808612702502685,2.2736218853649848,17.66970477782956,82.33029522217043,60,2026-07-30,0.3611286501695216,0.9866666666666666,高,full,B,较低风险,每周反馈主要扣分项，保持常规管理,事故与未遂历史,30005车距过近；30003右车道偏移；30002左车道偏移,110,391,0.782
95300064,0.6465968586387435,0.5759162303664922,0.7990837696335078,0.09162303664921466,0.6570680628272252,0.7120418848167539,20.90437488007456,4.6435130615937075,6.385348708916969,0.08394780844823332,5.1808612702502685,2.0280145829335816,39.22606031221732,60.77393968778268,60,2026-07-30,0.675709761129202,0.9483333333333333,高,full,D,高风险,24小时内人工复核，进行专项培训和重点监控,车辆控制稳定性,30000前碰撞预警；30003右车道偏移；30002左车道偏移,312,189,0.378
95300096,0.5968586387434555,0.4319371727748691,0.625,0.049738219895287955,0.6570680628272252,0.9554973821989529,17.812011732134533,2.6119760971464596,3.90625,0.024738905183520187,5.1808612702502685,3.651900989556207,33.18773899427099,66.81226100572901,60,2026-07-30,0.6072048958916896,0.9383333333333332,高,full,C,中风险,安排针对性培训，两周后复评,事故与未遂历史,30003右车道偏移；30002左车道偏移；30005车距过近,284,217,0.434
95300106,0.5497382198952879,0.6518324607329843,0.406413612565445,0.8350785340314136,0.6570680628272252,0.599476439790576,15.110605520681997,5.948397796113045,1.6517202447849564,6.973561580000549,5.1808612702502685,1.4374880074559362,36.302634419286754,63.697365580713246,60,2026-07-30,0.49799794393984737,0.9333333333333332,高,full,D,高风险,24小时内人工复核，进行专项培训和重点监控,近端险情,30005车距过近；30000前碰撞预警；30002左车道偏移,301,200,0.4
95300112,0.5209424083769634,0.46596858638743455,0.32460732984293195,0.31675392670157065,0.8481675392670157,0.8638743455497382,13.569049642279543,3.0397741289986566,1.0536991858775802,1.00333050080864,8.632658095995176,2.9851155395959537,30.28362709355555,69.71637290644445,60,2026-07-30,0.4381955261774483,0.9983333333333333,高,full,C,中风险,安排针对性培训，两周后复评,事故与未遂历史,30000前碰撞预警；30005车距过近；30003右车道偏移,260,241,0.482
95300113,0.5523560209424084,0.6230366492146597,0.6976439790575917,0.09162303664921466,0.6570680628272252,0.9738219895287958,15.254858693566517,5.434445327704834,4.867071215153095,0.08394780844823332,5.1808612702502685,3.7933170691592886,34.614501384282235,65.38549861571776,60,2026-07-30,0.5048038940755215,0.9383333333333332,高,full,C,中风险,安排针对性培训，两周后复评,危险驾驶行为,41021摄像头角度扭转；30005车距过近；30002左车道偏移,292,209,0.418
95300122,0.48429319371727747,0.11518324607329843,0.5327225130890052,0.5732984293193717,0.9424083769633508,0.9685863874345549,11.726994874044022,0.18574052246374823,2.837932759518653,3.286710890600586,10.657602587648364,3.752638359694087,32.44761999396946,67.55238000603055,60,2026-07-30,0.3932230994119805,0.8566666666666666,高,full,C,中风险,安排针对性培训，两周后复评,事故与未遂历史,30005车距过近；41006摄像头遮挡；30002左车道偏移,279,222,0.444
95300141,0.6675392670157068,0.05235602094240838,0.2964659685863874,0.9240837696335078,0.9921465968586387,0.599476439790576,22.280433650393352,0.03837614100490666,0.8789207052986485,8.53930813300074,11.812258435898139,1.4374880074559362,44.98678507305171,55.01321492694829,60,2026-07-30,0.7007186753021797,0.9783333333333334,高,full,D,高风险,24小时内人工复核，进行专项培训和重点监控,事故与未遂历史,30005车距过近；30000前碰撞预警；30002左车道偏移,342,159,0.318
95300203,0.49476439790575916,0.22251308900523561,0.2768324607329843,0.2774869109947644,0.8900523560209425,0.599476439790576,12.23959047175242,0.6931690469011267,0.7663621131547929,0.7699898577341631,9.506318357501167,1.4374880074559362,25.412917854499607,74.58708214550039,60,2026-07-30,0.40456643129228953,0.9816666666666666,高,full,C,中风险,安排针对性培训，两周后复评,事故与未遂历史,30005车距过近；30000前碰撞预警；30002左车道偏移,224,277,0.554
95300222,0.5942408376963351,0.5026178010471204,0.6524869109947644,0.25392670157068065,0.6570680628272252,0.8769633507853403,17.656108659302102,3.536745155012198,4.257391690194896,0.644787697705655,5.1808612702502685,3.076258874482607,34.35215334694773,65.64784665305227,60,2026-07-30,0.5854334487487931,0.9466666666666667,高,full,C,中风险,安排针对性培训，两周后复评,事故与未遂历史,30005车距过近；30003右车道偏移；30002左车道偏移,290,211,0.422
95300224,0.45287958115183247,0.05235602094240838,0.25785340314136124,0.05235602094240838,0.9607329842931938,0.6989528795811518,10.25499575121296,0.03837614100490666,0.6648837751158136,0.027411529289219045,11.076094405306872,1.9541405114991364,24.015902113428908,75.98409788657109,60,2026-07-30,0.36327729354024474,0.9466666666666667,高,full,B,较低风险,每周反馈主要扣分项，保持常规管理,事故与未遂历史,30005车距过近；30002左车道偏移；30003右车道偏移,184,317,0.634
95300262,0.5706806282722513,0.5654450261780105,0.4790575916230366,0.2931937172774869,0.6727748691099477,0.599476439790576,16.283818974260573,4.476193086812314,2.2949617609166415,0.8596255585099091,5.431512294070886,1.4374880074559362,30.78359968202626,69.21640031797374,60,2026-07-30,0.5616730668978906,0.9466666666666665,高,full,C,中风险,安排针对性培训，两周后复评,事故与未遂历史,30005车距过近；30000前碰撞预警；30002左车道偏移,265,236,0.472
95300269,0.6649214659685864,0.7486910994764397,0.7853403141361257,0.5340314136125655,0.6570680628272252,0.9581151832460733,22.106027795290697,7.847537074093363,6.167594090074287,2.851895507250349,5.1808612702502685,3.6719388174666263,47.82585455442559,52.17414544557441,60,2026-07-30,0.6980347865391907,0.9366666666666665,高,full,D,高风险,24小时内人工复核，进行专项培训和重点监控,危险驾驶行为,30005车距过近；30002左车道偏移；30003右车道偏移,359,142,0.284
95300278,0.680628272251309,0.3795811518324607,0.43782722513089006,0.22774869109947643,0.6570680628272252,0.599476439790576,23.162742249390096,2.0171459115704065,1.9169267906581509,0.5186946629752474,5.1808612702502685,1.4374880074559362,34.2338588923001,65.7661411076999,60,2026-07-30,0.7144971487288391,0.9383333333333332,高,full,C,中风险,安排针对性培训，两周后复评,事故与未遂历史,30005车距过近；30002左车道偏移；30003右车道偏移,289,212,0.424
95300552,0.9712041884816754,0.8324607329842932,0.8147905759162304,0.6884816753926701,0.6570680628272252,0.599476439790576,47.161878786217486,9.701872207450453,6.638836826019024,4.74007017351498,5.1808612702502685,1.4374880074559362,74.86100727090816,25.13899272909184,60,2026-07-30,0.9575391891900464,0.9349999999999999,高,full,E,极高风险,立即人工核查，暂停高风险任务并制定整改计划,危险驾驶行为,30005车距过近；30000前碰撞预警；30003右车道偏移,472,29,0.058
95300557,0.819371727748691,0.856020942408377,0.8285340314136126,0.3795811518324607,0.9659685863874345,0.8900523560209425,33.56850141169375,10.258805953784163,6.864686412104932,1.4408185082645761,11.197143718648062,3.1687727858337222,66.49872879032921,33.50127120967079,60,2026-07-30,0.8416801680446003,0.9333333333333333,高,full,E,极高风险,立即人工核查，暂停高风险任务并制定整改计划,事故与未遂历史,30005车距过近；30002左车道偏移；30003右车道偏移,440,61,0.122
95300566,0.93717277486911,0.9240837696335078,0.9109947643979058,0.5261780104712042,0.8298429319371727,0.599476439790576,43.91464049779338,11.955031386201036,8.29911460760396,2.768632987034346,8.263671500232997,1.4374880074559362,76.63857898632166,23.36142101367834,60,2026-07-30,0.9409713464070854,0.9283333333333332,高,full,E,极高风险,立即人工核查，暂停高风险任务并制定整改计划,危险驾驶行为,30005车距过近；30003右车道偏移；30002左车道偏移,477,24,0.048
95300580,0.9293193717277487,0.9869109947643979,0.831151832460733,0.6518324607329843,0.6570680628272252,0.774869109947644,43.181724733422875,13.635906362215948,6.908133686028344,4.248855568652175,5.1808612702502685,2.401688550204216,75.55717017077383,24.44282982922617,60,2026-07-30,0.9348988195019291,0.9349999999999999,高,full,E,极高风险,立即人工核查，暂停高风险任务并制定整改计划,危险驾驶行为,30005车距过近；30000前碰撞预警；30003右车道偏移,474,27,0.054
95300586,0.5837696335078534,0.5471204188481675,0.3448952879581152,0.46335078534031415,0.6701570680628273,0.599476439790576,17.039349250294674,4.19077053808832,1.189527596557112,2.146939502754859,5.389325950494779,1.4374880074559362,31.39340084564568,68.60659915435431,60,2026-07-30,0.5747145356264652,0.9366666666666665,高,full,C,中风险,安排针对性培训，两周后复评,事故与未遂历史,30005车距过近；30002左车道偏移；30003右车道偏移,268,233,0.466
95300589,0.13612565445026178,0.2696335078534031,0.35929319371727747,0.5890052356020943,0.6570680628272252,0.756544502617801,0.9265096899756038,1.0178311998026368,1.2909159905156107,3.4692716756667856,5.1808612702502685,2.2894383377648637,14.17482816397577,85.82517183602423,60,2026-07-30,0.14588204064609583,0.9349999999999999,高,full,A,低风险,保持常规月度复盘，可纳入安全激励,事故与未遂历史,30005车距过近；30000前碰撞预警；30002左车道偏移,71,430,0.86
95300592,0.8272251308900523,0.7591623036649214,0.7212041884816754,0.8115183246073299,0.9633507853403142,0.599476439790576,34.21507085880321,8.068583646281626,5.2013548148351205,6.5856199117348755,11.1365368273896,1.4374880074559362,66.64465406650037,33.355345933499635,60,2026-07-30,0.8482439573018871,0.94,高,full,E,极高风险,立即人工核查，暂停高风险任务并制定整改计划,事故与未遂历史,30005车距过近；30000前碰撞预警；30002左车道偏移,441,60,0.12
95300594,0.7460732984293194,0.5523560209424084,0.6937172774869109,0.9764397905759162,0.6570680628272252,0.7146596858638743,27.831268331460212,4.271360434198625,4.8124366108385175,9.534346646199392,5.1808612702502685,2.042953866396206,53.67322715934322,46.32677284065678,60,2026-07-30,0.7729778883479141,0.9333333333333332,高,full,E,极高风险,立即人工核查，暂停高风险任务并制定整改计划,近端险情,30005车距过近；30000前碰撞预警；30002左车道偏移,384,117,0.234
95300606,0.9581151832460733,0.9450261780104712,0.7611256544502618,0.5863874345549738,0.7356020942408377,0.8848167539267016,45.89923521833283,12.503042679751102,5.793122618623393,3.4385022340396363,6.493325292618074,3.1316027521175407,77.25883079548257,22.741169204517433,60,2026-07-30,0.9489783989783424,0.94,高,full,E,极高风险,立即人工核查，暂停高风险任务并制定整改计划,危险驾驶行为,30005车距过近；30000前碰撞预警；30002左车道偏移,479,22,0.044
95300614,0.8795811518324608,0.9973821989528796,0.8959424083769634,0.3403141361256545,0.6570680628272252,0.599476439790576,38.68315013294592,13.92679751103314,8.027127991283134,1.1581371124695048,5.1808612702502685,1.4374880074559362,68.41356202543791,31.586437974562088,60,2026-07-30,0.8962319784067099,0.94,高,full,E,极高风险,立即人工核查，暂停高风险任务并制定整改计划,危险驾驶行为,30005车距过近；30002左车道偏移；30003右车道偏移,447,54,0.108
95300620,0.5471204188481675,0.2643979057591623,0.2617801047120419,0.5,0.8638743455497382,0.599476439790576,14.967037636029715,0.9786875359776319,0.6852882322304761,2.5,8.95534661878786,1.4374880074559362,29.52384803048162,70.47615196951838,60,2026-07-30,0.48047332203218496,0.9266666666666665,高,full,C,中风险,安排针对性培训，两周后复评,事故与未遂历史,30005车距过近；30000前碰撞预警；30003右车道偏移,255,246,0.492
95300625,0.6701570680628273,0.8821989528795812,0.681282722513089,0.21465968586387435,0.6910994764397905,0.8717277486910995,22.455524793728245,10.895849894465613,4.641461479948466,0.46078780735177216,5.731421836024231,3.0396370713522107,47.22468288287054,52.77531711712946,60,2026-07-30,0.7059409261704107,0.9233333333333332,高,full,D,高风险,24小时内人工复核，进行专项培训和重点监控,危险驾驶行为,30002左车道偏移；30000前碰撞预警；30003右车道偏移,356,145,0.29
95300642,0.6963350785340314,0.8298429319371727,0.655759162303665,0.17277486910994763,0.6570680628272252,0.599476439790576,24.244127079849786,9.640950083605162,4.300200789452045,0.2985115539595954,5.1808612702502685,1.4374880074559362,45.102138784572794,54.897861215427206,60,2026-07-30,0.7228459407256473,0.95,高,full,D,高风险,24小时内人工复核，进行专项培训和重点监控,危险驾驶行为,30002左车道偏移；30003右车道偏移；30005车距过近,343,158,0.316
95300646,0.7539267015706806,0.12303664921465969,0.6302356020942408,0.9502617801047121,0.8717277486910995,0.599476439790576,28.42027356706231,0.21193223869959704,3.9719691414709017,9.029974507277762,9.118911214056633,1.4374880074559362,52.190548676023134,47.809451323976866,60,2026-07-30,0.7880486129318963,0.8933333333333333,高,full,E,极高风险,立即人工核查，暂停高风险任务并制定整改计划,事故与未遂历史,30005车距过近；30000前碰撞预警；30002左车道偏移,373,128,0.256
95300659,0.7670157068062827,0.8534031413612565,0.6976439790575916,0.12303664921465969,0.6570680628272252,0.599476439790576,29.41565472437707,10.19615690359365,4.867071215153093,0.1513801704997122,5.1808612702502685,1.4374880074559362,51.24861229132973,48.75138770867027,60,2026-07-30,0.7966706136665691,0.9383333333333332,高,full,E,极高风险,立即人工核查，暂停高风险任务并制定整改计划,危险驾驶行为,30002左车道偏移；30003右车道偏移；30005车距过近,371,130,0.26
95300660,0.581151832460733,0.693717277486911,0.25523560209424084,0.19633507853403143,0.6570680628272252,0.6492146596858639,16.886872618623393,6.737411255173927,0.6514521257640964,0.38547463062964293,5.1808612702502685,1.6859186974041283,31.527990597845452,68.47200940215455,60,2026-07-30,0.5730842672878236,0.94,高,full,C,中风险,安排针对性培训，两周后复评,危险驾驶行为,30005车距过近；30003右车道偏移；30000前碰撞预警,269,232,0.464
95300663,0.9790575916230366,0.9136125654450262,0.9109947643979057,0.900523560209424,0.9345549738219895,0.7513089005235603,47.92768838573504,11.685630876346593,8.299114607603958,8.109426824922561,10.480715989145033,2.257860256023684,88.76043693977687,11.239563060223134,60,2026-07-30,0.9673935822095939,0.935,高,full,E,极高风险,立即人工核查，暂停高风险任务并制定整改计划,危险驾驶行为,30005车距过近；30000前碰撞预警；30003右车道偏移,499,2,0.004
95300696,0.9659685863874345,0.8979057591623036,0.8566753926701571,0.468586387434555,0.8010471204188482,0.599476439790576,46.65476549436693,11.28728653271566,7.338927284065679,2.195732024889669,7.700117869575944,1.4374880074559362,76.61431721306982,23.385682786930175,60,2026-07-30,0.9560504548267234,0.9383333333333332,高,full,E,极高风险,立即人工核查，暂停高风险任务并制定整改计划,危险驾驶行为,30000前碰撞预警；30005车距过近；30003右车道偏移,476,25,0.05
95300698,0.5968586387434555,0.56282722513089,0.3017015706806283,0.36910994764397903,0.6570680628272252,0.8219895287958116,17.812011732134533,4.4348427948795255,0.9102383775115817,1.3624215344974093,5.1808612702502685,2.702667141799841,32.40304285107316,67.59695714892683,60,2026-07-30,0.6129025747488954,0.94,高,full,C,中风险,安排针对性培训，两周后复评,事故与未遂历史,30005车距过近；30000前碰撞预警；30002左车道偏移,278,223,0.446
95300702,0.9293193717277487,0.6910994764397905,0.31282722513089006,0.9947643979057592,0.9921465968586387,0.599476439790576,43.181724733422875,6.686658808694936,0.9786087278309258,9.895562073408076,11.812258435898139,1.4374880074559362,73.9923007867109,26.0076992132891,60,2026-07-30,0.9361910686557612,0.9366666666666665,高,full,E,极高风险,立即人工核查，暂停高风险任务并制定整改计划,事故与未遂历史,30005车距过近；30000前碰撞预警；30002左车道偏移,470,31,0.062
95300709,1.0,0.9895287958115183,0.9698952879581153,0.9293193717277487,0.981675392670157,0.599476439790576,50.0,13.70834132836271,9.406968696033553,8.636344946684575,11.564238918889284,1.4374880074559362,94.75338189742607,5.246618102573933,60,2026-07-30,0.9865769947448652,0.9366666666666665,高,full,E,极高风险,立即人工核查，暂停高风险任务并制定整改计划,危险驾驶行为,30005车距过近；30000前碰撞预警；30003右车道偏移,500,1,0.002
95300712,0.9633507853403142,0.8664921465968587,0.8160994764397906,0.4790575916230366,0.7408376963350786,0.6020942408376964,46.40223678079,10.511320961596448,6.660183554453004,2.2949617609166415,6.586085907732794,1.4500698993996877,73.90485886488858,26.09514113511142,60,2026-07-30,0.9533028772781427,0.9383333333333332,高,full,E,极高风险,立即人工核查，暂停高风险任务并制定整改计划,危险驾驶行为,30005车距过近；30002左车道偏移；30003右车道偏移,468,33,0.066
95300716,0.7643979057591623,0.7696335078534031,0.9247382198952879,0.20418848167539266,0.7722513089005235,0.599476439790576,29.21520791644966,8.29270030975028,8.551407753351059,0.4169293604890217,7.156465009182861,1.4374880074559362,55.070198356678816,44.929801643321184,60,2026-07-30,0.7927663089035893,0.9266666666666665,高,full,E,极高风险,立即人工核查，暂停高风险任务并制定整改计划,车辆控制稳定性,30005车距过近；30003右车道偏移；30002左车道偏移,392,109,0.218
95300720,0.9764397905759162,0.7984293193717278,0.9011780104712043,0.6387434554973822,0.9031413612565445,0.887434554973822,47.67173323099696,8.924851292453607,8.12121806556838,4.079932019407363,9.787971820947892,3.1501603574463415,81.73586678682055,18.26413321317945,60,2026-07-30,0.963466268370341,0.94,高,full,E,极高风险,立即人工核查，暂停高风险任务并制定整改计划,事故与未遂历史,30005车距过近；30000前碰撞预警；30003右车道偏移,484,17,0.034
95300726,0.20418848167539266,0.20157068062827224,0.5392670157068062,0.4581151832460733,0.8324607329842932,0.7643979057591623,2.0846468024451084,0.568830350045229,2.908089142293248,2.0986952112058335,8.31589046352896,2.3372166333159727,18.313368602834352,81.68663139716566,60,2026-07-30,0.16903462873805003,0.9416666666666665,高,full,B,较低风险,每周反馈主要扣分项，保持常规管理,事故与未遂历史,30005车距过近；30002左车道偏移；30000前碰撞预警,121,380,0.76
95300730,0.7853403141361257,0.9685863874345549,0.7925392670157068,0.337696335078534,0.7958115183246073,0.599476439790576,30.837970450371433,13.134234258929304,6.281184897617937,1.1403881472547353,7.5997916723774015,1.4374880074559362,60.43105743400674,39.56894256599326,60,2026-07-30,0.8102312132479887,0.9316666666666666,高,full,E,极高风险,立即人工核查，暂停高风险任务并制定整改计划,危险驾驶行为,30005车距过近；30002左车道偏移；30003右车道偏移,417,84,0.168
95300740,0.6780104712041884,0.7146596858638743,0.5176701570680629,0.16753926701570682,0.9214659685863874,0.6230366492146597,22.98490995312628,7.150338532386721,2.6798239151887286,0.28069405992160307,10.18919437515419,1.552698665058524,44.83765950083604,55.16234049916396,60,2026-07-30,0.7135387462230698,0.94,高,full,D,高风险,24小时内人工复核，进行专项培训和重点监控,事故与未遂历史,30002左车道偏移；30005车距过近；30003右车道偏移,341,160,0.32
95300749,0.9397905759162304,0.8219895287958116,0.7015706806282722,0.4005235602094241,0.7905759162303665,0.819371727748691,44.160316329048,9.459334996299443,4.922014199172171,1.6041912228283217,7.5001233518818005,2.6854801129355,70.33146021216523,29.668539787834774,60,2026-07-30,0.9418528434255995,0.9383333333333332,高,full,E,极高风险,立即人工核查，暂停高风险任务并制定整改计划,危险驾驶行为,30005车距过近；30002左车道偏移；30000前碰撞预警,455,46,0.092
95300752,0.6989528795811518,0.6413612565445026,0.4640052356020943,0.6308900523560209,0.6570680628272252,0.599476439790576,24.426756393739204,5.758819659548806,2.1530085866615503,3.980222581617828,5.1808612702502685,1.4374880074559362,42.93715649927359,57.06284350072641,60,2026-07-30,0.7233004779853047,0.9299999999999999,高,full,D,高风险,24小时内人工复核，进行专项培训和重点监控,危险驾驶行为,30005车距过近；30000前碰撞预警；30003右车道偏移,332,169,0.338
95300753,0.8900523560209425,0.6387434554973822,0.5719895287958116,0.9895287958115183,0.9397905759162304,0.599476439790576,39.60965982292153,5.711904827170308,3.271720210520545,9.791672377401936,10.59847591897152,1.4374880074559362,70.42092116444178,29.57907883555822,60,2026-07-30,0.909643898807921,0.9283333333333333,高,full,E,极高风险,立即人工核查，暂停高风险任务并制定整改计划,事故与未遂历史,30005车距过近；30000前碰撞预警；30002左车道偏移,457,44,0.088
95300760,0.8848167539267016,0.8141361256544503,0.6459424083769634,0.4319371727748691,0.8089005235602095,0.8743455497382199,39.14503440146926,9.279446835338945,4.172415949398317,1.865697212247471,7.851840684191771,3.0579205613881197,65.37235564403387,34.627644355966126,60,2026-07-30,0.898132575240097,0.94,高,full,E,极高风险,立即人工核查，暂停高风险任务并制定整改计划,危险驾驶行为,30005车距过近；30000前碰撞预警；30003右车道偏移,439,62,0.124
95300762,0.9764397905759162,0.9397905759162304,0.9594240837696335,0.6649214659685864,0.9450261780104712,0.6989528795811518,47.67173323099696,12.36488857213344,9.204945725172006,4.42120555905814,10.716893725500945,1.9541405114991364,86.33380732436063,13.666192675639365,60,2026-07-30,0.962410034452188,0.9383333333333332,高,full,E,极高风险,立即人工核查，暂停高风险任务并制定整改计划,危险驾驶行为,30005车距过近；30000前碰撞预警；30003右车道偏移,495,6,0.012
95300769,0.8979057591623036,0.7827225130890052,0.6747382198952879,0.7408376963350786,0.9947643979057592,0.8403141361256544,40.31173761684164,8.577163454949151,4.5527166538746195,5.488404923110661,11.874674488089692,2.8245113894904197,73.6292085263562,26.370791473643806,60,2026-07-30,0.9134844091684932,0.9366666666666665,高,full,E,极高风险,立即人工核查，暂停高风险任务并制定整改计划,事故与未遂历史,30005车距过近；30000前碰撞预警；30002左车道偏移,467,34,0.068
95300777,0.387434554973822,0.4293193717277487,0.10536649214659685,0.028795811518324606,0.6570680628272252,0.599476439790576,7.505276719388175,2.580411721169924,0.11102097667278855,0.008291987609988762,5.1808612702502685,1.4374880074559362,16.82335068254708,83.17664931745293,60,2026-07-30,0.2920376744854473,0.9116666666666666,高,full,B,较低风险,每周反馈主要扣分项，保持常规管理,事故与未遂历史,41009频繁低头；41003注意力分散；41002打哈欠,98,403,0.806
95300787,0.9057591623036649,0.743455497382199,0.7028795811518326,0.3219895287958115,0.8219895287958116,0.599476439790576,41.01998300485184,7.738165072229379,4.940397056001756,1.036772566541487,8.108001425399523,1.4374880074559362,64.28080713247992,35.71919286752008,60,2026-07-30,0.9166234887908598,0.94,高,full,E,极高风险,立即人工核查，暂停高风险任务并制定整改计划,事故与未遂历史,30005车距过近；30003右车道偏移；30002左车道偏移,435,66,0.132
95300798,0.824607329842932,0.6832460732984293,0.39005235602094235,0.418848167539267,0.918848167539267,0.599476439790576,33.9988624215345,6.535552753488118,1.5214084043748797,1.7543378745100189,10.131383459883228,1.4374880074559362,55.37903292124668,44.62096707875332,60,2026-07-30,0.848092960315499,0.9383333333333332,高,full,E,极高风险,立即人工核查，暂停高风险任务并制定整改计划,事故与未遂历史,30005车距过近；30002左车道偏移；30003右车道偏移,394,107,0.214
95300807,0.47643979057591623,0.5732984293193717,0.4240837696335078,0.6649214659685864,0.6570680628272252,0.599476439790576,11.349743702201145,4.60139524684082,1.7984704366656612,4.42120555905814,5.1808612702502685,1.4374880074559362,28.78916422247197,71.21083577752803,60,2026-07-30,0.383870972662021,0.8116666666666666,高,full,C,中风险,安排针对性培训，两周后复评,事故与未遂历史,30005车距过近；30002左车道偏移；30000前碰撞预警,249,252,0.504
95300818,0.7172774869109948,0.6649214659685864,0.668848167539267,0.2591623036649215,0.7068062827225131,0.599476439790576,25.724349661467617,6.189687782681395,4.473578712206354,0.6716509964090899,5.994901455552206,1.4374880074559362,44.49165661577259,55.50834338422741,60,2026-07-30,0.7492544293934621,0.9366666666666665,高,full,D,高风险,24小时内人工复核，进行专项培训和重点监控,危险驾驶行为,30005车距过近；30002左车道偏移；30003右车道偏移,340,161,0.322
95300819,0.6884816753926701,0.6518324607329843,0.36060209424083767,0.13089005235602094,0.887434554973822,0.6256544502617801,23.7003508675749,5.948397796113045,1.3003387037087797,0.17132205805761902,9.450481072339024,1.5657739645294813,42.136664462322855,57.863335537677145,60,2026-07-30,0.7221999721254464,0.9349999999999999,高,full,D,高风险,24小时内人工复核，进行专项培训和重点监控,事故与未遂历史,30002左车道偏移；30003右车道偏移；30000前碰撞预警,325,176,0.352
95300830,0.837696335078534,0.8350785340314136,0.7336387434554974,0.6727748691099477,0.6570680628272252,0.599476439790576,35.08675749020038,9.762986212000769,5.382258058989611,4.526260245059072,5.1808612702502685,1.4374880074559362,61.37661128395603,38.62338871604397,60,2026-07-30,0.8629955725579632,0.9033333333333333,高,full,E,极高风险,立即人工核查，暂停高风险任务并制定整改计划,危险驾驶行为,30005车距过近；30000前碰撞预警；30002左车道偏移,422,79,0.158
95300836,0.43717277486910994,0.193717277486911,0.4653141361256544,0.981675392670157,0.6570680628272252,0.599476439790576,9.556001754337874,0.5253693703571722,2.1651724527836405,9.636865765741069,5.1808612702502685,1.4374880074559362,28.50175862092596,71.49824137907405,60,2026-07-30,0.33982536633985605,0.94,高,full,C,中风险,安排针对性培训，两周后复评,近端险情,30005车距过近；30000前碰撞预警；30002左车道偏移,246,255,0.51
95300837,0.8481675392670157,0.7801047120418848,0.6616492146596858,0.8638743455497382,0.9869109947643979,0.599476439790576,35.96940873331323,8.51988706449933,4.377796832597791,7.462788848989884,11.687919739042242,1.4374880074559362,69.45528922589841,30.54471077410159,60,2026-07-30,0.8698685713115302,0.9283333333333333,高,full,E,极高风险,立即人工核查，暂停高风险任务并制定整改计划,事故与未遂历史,30005车距过近；30000前碰撞预警；30003右车道偏移,452,49,0.098
95300841,0.8926701570680629,0.9319371727748691,0.881544502617801,0.9083769633507853,0.9921465968586387,0.6387434554973822,39.843000465996,12.159096515994626,7.771207100956662,8.25148707546394,11.812258435898139,1.6319728077629452,81.46902240207233,18.530977597927674,60,2026-07-30,0.9097484678378756,0.9083333333333332,高,full,E,极高风险,立即人工核查，暂停高风险任务并制定整改计划,危险驾驶行为,30005车距过近；30000前碰撞预警；30002左车道偏移,483,18,0.036
95300849,0.418848167539267,0.20157068062827224,0.21465968586387435,0.05759162303664921,0.6570680628272252,0.599476439790576,8.771689372550094,0.568830350045229,0.46078780735177216,0.033167950439955046,5.1808612702502685,1.4374880074559362,16.452824758093254,83.54717524190674,60,2026-07-30,0.3254916046717632,0.9166666666666666,高,full,B,较低风险,每周反馈主要扣分项，保持常规管理,事故与未遂历史,30002左车道偏移；30000前碰撞预警；30003右车道偏移,91,410,0.82
95300853,0.6727748691099477,0.837696335078534,0.7035340314136126,0.0549738219895288,0.6570680628272252,0.599476439790576,22.63130122529536,9.824292097256105,4.9496013335709,0.030221211041364,5.1808612702502685,1.4374880074559362,44.05376514486993,55.94623485513007,60,2026-07-30,0.7085510268392128,0.94,高,full,D,高风险,24小时内人工复核，进行专项培训和重点监控,危险驾驶行为,30002左车道偏移；30003右车道偏移；30017长时间压线,338,163,0.326
95300854,0.9502617801047121,0.8900523560209425,0.6348167539267016,0.5287958115183246,0.7460732984293194,0.6099476439790575,45.149872536388806,11.090704750418027,4.029923110660343,2.796250102793234,6.679504399550451,1.4881445135824125,71.23439941339328,28.765600586606723,60,2026-07-30,0.9462399775092956,0.94,高,full,E,极高风险,立即人工核查，暂停高风险任务并制定整改计划,危险驾驶行为,30005车距过近；30003右车道偏移；30002左车道偏移,459,42,0.084
95300858,0.38481675392670156,0.6701570680628273,0.6446335078534031,0.27225130890052357,0.9712041884816754,0.8586387434554974,7.404196705134179,6.2875469422439085,4.155523594473836,0.7412077519804829,11.318850908692196,2.949041967051342,32.85636786957595,67.14363213042405,60,2026-07-30,0.2915900776754919,0.74,中,full,C,中风险,安排针对性培训，两周后复评,事故与未遂历史,30005车距过近；30003右车道偏移；30002左车道偏移,282,219,0.438
95300859,0.9842931937172775,0.8664921465968587,0.7742146596858638,0.8455497382198953,0.8717277486910995,0.599476439790576,48.441654559907896,10.511320961596448,5.994083392724978,7.149543598037335,9.118911214056633,1.4374880074559362,82.65300173377923,17.346998266220766,60,2026-07-30,0.9702017373416405,0.9383333333333332,高,full,E,极高风险,立即人工核查，暂停高风险任务并制定整改计划,危险驾驶行为,30005车距过近；30000前碰撞预警；30003右车道偏移,486,15,0.03
95300862,0.7329842931937173,0.7643979057591623,0.6479057591623036,0.41361256544502617,0.7827225130890052,0.599476439790576,26.863298703434662,8.180258216605905,4.19781872755681,1.7107535429401604,7.351854389956415,1.4374880074559362,49.74147158794988,50.25852841205012,60,2026-07-30,0.7643363619013939,0.9383333333333332,高,full,D,高风险,24小时内人工复核，进行专项培训和重点监控,危险驾驶行为,30005车距过近；30002左车道偏移；30003右车道偏移,366,135,0.27
95300865,0.9947643979057592,0.824607329842932,0.9450261780104712,0.643979057591623,0.6570680628272252,0.599476439790576,49.477810367040384,9.519681478029659,8.930744771250787,4.147090266165948,5.1808612702502685,1.4374880074559362,78.693676160193,21.306323839807007,60,2026-07-30,0.9777162086903594,0.94,高,full,E,极高风险,立即人工核查，暂停高风险任务并制定整改计划,危险驾驶行为,30005车距过近；30002左车道偏移；30003右车道偏移,480,21,0.042
95300869,0.8219895287958116,0.6099476439790575,0.5294502617801047,0.3743455497382199,0.6570680628272252,0.599476439790576,33.78333927249801,5.208505797538444,2.803175796990214,1.4013459060881006,5.1808612702502685,1.4374880074559362,49.81471605082097,50.18528394917903,60,2026-07-30,0.8436813246014784,0.9366666666666665,高,full,D,高风险,24小时内人工复核，进行专项培训和重点监控,危险驾驶行为,30000前碰撞预警；30005车距过近；30002左车道偏移,367,134,0.268
95300871,0.6858638743455497,0.9947643979057592,0.7663612565445027,0.6596858638743456,0.6570680628272252,0.8036649214659686,23.520462706614403,13.853786902771306,5.873095755324691,4.351854389956416,5.1808612702502685,2.583509223979606,55.363570248896686,44.636429751103314,60,2026-07-30,0.7212492345166608,0.93,高,full,E,极高风险,立即人工核查，暂停高风险任务并制定整改计划,危险驾驶行为,30005车距过近；30000前碰撞预警；30002左车道偏移,393,108,0.216
95300874,0.9842931937172775,0.8612565445026178,0.9404450261780104,0.7539267015706806,0.8350785340314136,0.599476439790576,48.441654559907896,10.384679696280255,8.844368472629586,5.684054713412462,8.368273896000659,1.4374880074559362,83.1605193456868,16.839480654313206,60,2026-07-30,0.9701372479722514,0.9349999999999999,高,full,E,极高风险,立即人工核查，暂停高风险任务并制定整改计划,危险驾驶行为,30005车距过近；30003右车道偏移；30002左车道偏移,488,13,0.026
95300877,0.9162303664921466,0.7356020942408377,0.7153141361256544,0.518324607329843,0.819371727748691,0.7041884816753927,41.973904224116666,7.575546174721087,5.116743133411913,2.6866039856363595,8.0564403388065,1.9835256708971796,67.39276352758971,32.60723647241029,60,2026-07-30,0.9256397267715171,0.93,高,full,E,极高风险,立即人工核查，暂停高风险任务并制定整改计划,事故与未遂历史,30005车距过近；30003右车道偏移；30000前碰撞预警,444,57,0.114
95300883,0.8534031413612565,0.9554973821989529,0.8128272251308901,0.4162303664921466,0.8848167539267016,0.599476439790576,36.41484608426303,12.781653463446725,6.606880979139827,1.7324771799018668,9.394808256352622,1.4374880074559362,68.36815397056,31.63184602944,60,2026-07-30,0.878180797239841,0.94,高,full,E,极高风险,立即人工核查，暂停高风险任务并制定整改计划,危险驾驶行为,30005车距过近；30000前碰撞预警；30002左车道偏移,446,55,0.11
95300888,0.6518324607329843,0.39528795811518325,0.7670157068062827,0.3089005235602094,0.6570680628272252,0.6596858638743456,21.244277843260875,2.187535977632192,5.883130944875415,0.9541953345577149,5.1808612702502685,1.7407417559825664,37.19074312655903,62.80925687344097,60,2026-07-30,0.6827270735975142,0.9416666666666665,高,full,D,高风险,24小时内人工复核，进行专项培训和重点监控,车辆控制稳定性,30005车距过近；30002左车道偏移；30003右车道偏移,307,194,0.388
95300889,0.21727748691099477,0.36910994764397903,0.5556282722513088,0.9685863874345549,0.9031413612565445,0.599476439790576,2.360475315917875,1.9073901482963733,3.0872277692497456,9.381595899235219,9.787971820947892,1.4374880074559362,27.96214896110304,72.03785103889696,60,2026-07-30,0.1784225201023503,0.94,高,full,C,中风险,安排针对性培训，两周后复评,事故与未遂历史,30005车距过近；30000前碰撞预警；30002左车道偏移,242,259,0.518
95300892,0.8717277486910995,0.8350785340314136,0.7087696335078535,0.43717277486910994,0.7539267015706806,0.599476439790576,37.99546339190263,9.762986212000769,5.023543933828569,1.9112003508675748,6.820865656094954,1.4374880074559362,62.95154755215043,37.04845244784957,60,2026-07-30,0.8907979011151036,0.9383333333333332,高,full,E,极高风险,立即人工核查，暂停高风险任务并制定整改计划,危险驾驶行为,30005车距过近；30002左车道偏移；30003右车道偏移,428,73,0.146
95300901,0.8612565445026178,0.9607329842931938,0.7094240837696335,0.15968586387434555,0.7617801047120419,0.6308900523560209,37.08814177242948,12.922110139524685,5.032825306323839,0.2549957512129602,6.963707135221075,1.5920890326471313,63.85386913735916,36.14613086264084,60,2026-07-30,0.8821178483137905,0.9383333333333332,高,full,E,极高风险,立即人工核查，暂停高风险任务并制定整改计划,危险驾驶行为,30002左车道偏移；30003右车道偏移；30000前碰撞预警,434,67,0.134
95300902,0.8821989528795812,0.8691099476439791,0.6969895287958116,0.6570680628272252,0.6570680628272252,0.599476439790576,38.913749623091476,10.57492941531208,4.8579440325100745,4.3173843918752235,5.1808612702502685,1.4374880074559362,65.28235674049506,34.71764325950494,60,2026-07-30,0.8976551293580162,0.9249999999999999,高,full,E,极高风险,立即人工核查，暂停高风险任务并制定整改计划,危险驾驶行为,30005车距过近；30000前碰撞预警；30003右车道偏移,438,63,0.126
95300921,0.9973821989528796,0.9162303664921466,0.8913612565445026,0.8350785340314136,0.6570680628272252,0.599476439790576,49.73856253940407,11.752693182752665,7.945248896685946,6.973561580000549,5.1808612702502685,1.4374880074559362,83.02841547654945,16.971584523450545,60,2026-07-30,0.9797236768836302,0.9383333333333332,高,full,E,极高风险,立即人工核查，暂停高风险任务并制定整改计划,危险驾驶行为,30005车距过近；30000前碰撞预警；30002左车道偏移,487,14,0.028
95300922,0.7931937172774869,0.9581151832460733,0.7257853403141361,0.5314136125654451,0.6570680628272252,0.599476439790576,31.457813656423887,12.851785861133193,5.267643602149064,2.8240042761985693,5.1808612702502685,1.4374880074559362,59.01959667361092,40.98040332638908,60,2026-07-30,0.8233978653057019,0.9383333333333332,高,full,E,极高风险,立即人工核查，暂停高风险任务并制定整改计划,危险驾驶行为,30005车距过近；30003右车道偏移；30000前碰撞预警,408,93,0.186
95300926,0.4581151832460733,0.4869109947643979,0.34751308900523564,0.34554973821989526,0.6570680628272252,0.7172774869109948,10.493476056029166,3.3191524355143773,1.2076534702996082,1.1940462158383816,5.1808612702502685,2.0579479729174093,23.45313742084921,76.5468625791508,60,2026-07-30,0.3673557172443693,0.94,高,full,B,较低风险,每周反馈主要扣分项，保持常规管理,事故与未遂历史,30005车距过近；30002左车道偏移；30000前碰撞预警,177,324,0.648
95300931,0.18848167539267016,0.14659685863874344,0.5117801047120418,0.42408376963350786,0.6570680628272252,0.599476439790576,1.7762670979413944,0.3008689454784682,2.619188755790685,1.7984704366656614,5.1808612702502685,1.4374880074559362,13.113144513582414,86.88685548641759,60,2026-07-30,0.16521043635623753,0.94,高,full,A,低风险,保持常规月度复盘，可纳入安全激励,事故与未遂历史,30005车距过近；30002左车道偏移；30000前碰撞预警,60,441,0.882
95300933,0.5287958115183246,0.6178010471204188,0.5896596858638743,0.09424083769633508,0.6570680628272252,0.599476439790576,13.98125051396617,5.343493873523204,3.476985451330829,0.08881335489706972,5.1808612702502685,1.4374880074559362,29.50889247142348,70.49110752857652,60,2026-07-30,0.45822016212327227,0.9316666666666665,高,full,C,中风险,安排针对性培训，两周后复评,危险驾驶行为,30002左车道偏移；30003右车道偏移；30005车距过近,254,247,0.494
95300945,0.856020942408377,0.9659685863874345,0.6472513089005235,0.4424083769633508,0.9083769633507853,0.9450261780104712,36.6385926920863,13.06333433842274,4.18934256873441,1.957251720073463,9.901784490556729,3.572297908500315,69.32260371837397,30.67739628162603,60,2026-07-30,0.8794854585118926,0.9383333333333332,高,full,E,极高风险,立即人工核查，暂停高风险任务并制定整改计划,危险驾驶行为,30005车距过近；30000前碰撞预警；30002左车道偏移,450,51,0.102
95300959,0.3219895287958115,0.35340314136125656,0.22643979057591623,0.7198952879581152,0.6832460732984293,0.599476439790576,5.183862832707436,1.74851292453606,0.512749787560648,5.182492256242977,5.601902360132673,1.4374880074559362,19.66700816863573,80.33299183136427,60,2026-07-30,0.24302729662780445,0.9383333333333332,高,full,B,较低风险,每周反馈主要扣分项，保持常规管理,事故与未遂历史,30005车距过近；30000前碰撞预警；30002左车道偏移,143,358,0.716
95300964,0.7356020942408377,0.806282722513089,0.7310209424083769,0.06282722513089005,0.9136125654450262,0.8952879581151832,27.05552205257531,9.101285600723664,5.343916182396314,0.03947260217647543,10.016255036868507,3.2061621117842165,54.76261358652448,45.23738641347552,60,2026-07-30,0.7688675087762964,0.94,高,full,E,极高风险,立即人工核查，暂停高风险任务并制定整改计划,事故与未遂历史,30002左车道偏移；30003右车道偏移；30017长时间压线,390,111,0.222
95300972,0.9554973821989529,0.8717277486910995,0.7918848167539267,0.8586387434554974,0.8036649214659686,0.599476439790576,45.64876236945259,10.638729749732738,6.270815630054002,7.372604917628355,7.750527671938817,1.4374880074559362,79.11892834626244,20.881071653737564,60,2026-07-30,0.9489433684106257,0.9349999999999999,高,full,E,极高风险,立即人工核查，暂停高风险任务并制定整改计划,危险驾驶行为,30005车距过近；30000前碰撞预警；30003右车道偏移,481,20,0.04
95301002,0.806282722513089,0.7382198952879581,0.7205497382198953,0.46596858638743455,0.774869109947644,0.7722513089005235,32.504591431155944,7.629560593185493,5.191919252487597,2.1712672349990405,7.205065650612648,2.385488336394287,57.08789249883501,42.91210750116499,60,2026-07-30,0.8369462153095193,0.9366666666666665,高,full,E,极高风险,立即人工核查，暂停高风险任务并制定整改计划,危险驾驶行为,30000前碰撞预警；30005车距过近；30002左车道偏移,400,101,0.202
95301003,0.27486910994764396,0.450261780104712,0.4986910994764398,0.48429319371727747,0.6570680628272252,0.599476439790576,3.777651380170499,2.8382993887228967,2.486928126970204,2.3453989748088047,5.1808612702502685,1.4374880074559362,18.06662714837861,81.93337285162139,60,2026-07-30,0.21044912664926302,0.9366666666666665,高,full,B,较低风险,每周反馈主要扣分项，保持常规管理,事故与未遂历史,30005车距过近；30002左车道偏移；30003右车道偏移,116,385,0.77
95301011,0.9136125654450262,0.756544502617801,0.7545811518324608,0.3769633507853403,0.6570680628272252,0.599476439790576,41.734395986952116,8.013034182177023,5.693927147008032,1.4210136783531155,5.1808612702502685,1.4374880074559362,63.480720272196486,36.519279727803514,60,2026-07-30,0.9254233197091467,0.9349999999999999,高,full,E,极高风险,立即人工核查，暂停高风险任务并制定整改计划,危险驾驶行为,30005车距过近；30003右车道偏移；30000前碰撞预警,432,69,0.138
95301014,0.7801047120418848,0.662303664921466,0.575261780104712,0.306282722513089,0.7643979057591623,0.6178010471204188,30.428168087497603,6.141046023957677,3.3092611564924197,0.9380910611002989,7.011649899947918,1.5267125352923439,49.35492876428827,50.64507123571173,60,2026-07-30,0.8046150787455086,0.9349999999999999,高,full,D,高风险,24小时内人工复核，进行专项培训和重点监控,事故与未遂历史,30005车距过近；30002左车道偏移；30000前碰撞预警,363,138,0.276
95301029,0.4581151832460733,0.2513089005235602,0.31282722513089006,0.5680628272251309,0.6570680628272252,0.599476439790576,10.493476056029166,0.8841862887530495,0.9786087278309258,3.226953756750089,5.1808612702502685,1.4374880074559362,22.201574107069437,77.79842589293057,60,2026-07-30,0.3662692980804468,0.9383333333333332,高,full,B,较低风险,每周反馈主要扣分项，保持常规管理,事故与未遂历史,30005车距过近；30000前碰撞预警；30002左车道偏移,164,337,0.674
95301040,0.9921465968586387,0.9633507853403142,0.9489528795811518,0.9240837696335078,0.662303664921466,0.7460732984293194,49.21774348290891,12.9926262986212,9.0051156766536,8.53930813300074,5.263753734820866,2.226501466516817,87.24504879252214,12.754951207477859,60,2026-07-30,0.9754247550722573,0.9349999999999999,高,full,E,极高风险,立即人工核查，暂停高风险任务并制定整改计划,危险驾驶行为,30005车距过近；30000前碰撞预警；30003右车道偏移,498,3,0.006
95301042,0.9240837696335078,0.9921465968586387,0.8926701570680627,0.7303664921465969,0.9109947643979057,0.7303664921465969,42.696540665003695,13.780968175214495,7.968600093199198,5.33435212850525,9.95893752912475,2.1337408514021,81.87313944244949,18.126860557550515,60,2026-07-30,0.9298119095079656,0.9349999999999999,高,full,E,极高风险,立即人工核查，暂停高风险任务并制定整改计划,危险驾驶行为,30005车距过近；30000前碰撞预警；30003右车道偏移,485,16,0.032
95301049,0.8403141361256544,0.725130890052356,0.6636125654450262,0.5235602094240838,0.7853403141361257,0.6518324607329843,35.30639236863025,7.361407307913707,4.403816370165292,2.7411529289219043,7.401112908089144,1.69954222746087,58.91342411118117,41.08657588881883,60,2026-07-30,0.8644911976732483,0.94,高,full,E,极高风险,立即人工核查，暂停高风险任务并制定整改计划,事故与未遂历史,30005车距过近；30002左车道偏移；30003右车道偏移,407,94,0.188
95301051,0.36649214659685864,0.5261780104712042,0.30824607329842935,0.034031413612565446,0.6570680628272252,0.599476439790576,6.7158246758586655,3.876086181848085,0.9501564170390067,0.011581371124695046,5.1808612702502685,1.4374880074559362,18.171997923576658,81.82800207642335,60,2026-07-30,0.27007667854624307,0.9349999999999999,高,full,B,较低风险,每周反馈主要扣分项，保持常规管理,事故与未遂历史,30002左车道偏移；41005抽烟；30003右车道偏移,117,384,0.768
95301059,0.5968586387434555,0.9869109947643979,0.7650523560209423,0.3010471204188482,0.6570680628272252,0.887434554973822,17.812011732134533,13.635906362215948,5.8530510745319475,0.9062936871248048,5.1808612702502685,3.1501603574463415,46.53828448370384,53.46171551629616,60,2026-07-30,0.5936196041926034,0.9316666666666665,高,full,D,高风险,24小时内人工复核，进行专项培训和重点监控,危险驾驶行为,30005车距过近；30002左车道偏移；30003右车道偏移,354,147,0.294
95301061,0.9581151832460733,0.9162303664921466,0.7722513089005236,0.3586387434554974,0.9109947643979057,0.6020942408376964,45.89923521833283,11.752693182752665,5.9637208409857205,1.2862174830733808,9.95893752912475,1.4500698993996877,76.31087415366905,23.689125846330953,60,2026-07-30,0.9521681850071795,0.9349999999999999,高,full,E,极高风险,立即人工核查，暂停高风险任务并制定整改计划,危险驾驶行为,30005车距过近；30002左车道偏移；30003右车道偏移,475,26,0.052
95301079,0.9607329842931938,0.6675392670157068,0.8455497382198952,0.387434554973822,0.9293193717277487,0.8691099476439791,46.1503933554453,6.238521422110138,7.149543598037333,1.501055343877635,10.36361393602149,3.0214084043748803,74.42453605986678,25.57546394013322,60,2026-07-30,0.9524663217080116,0.9383333333333332,高,full,E,极高风险,立即人工核查，暂停高风险任务并制定整改计划,事故与未遂历史,30005车距过近；30003右车道偏移；30002左车道偏移,471,30,0.06
95301082,0.5602094240837696,0.7984293193717278,0.7009162303664922,0.6910994764397905,0.6570680628272252,0.599476439790576,15.691729941613442,8.924851292453607,4.912835619911736,4.776184863353526,5.1808612702502685,1.4374880074559362,40.92395099503851,59.07604900496149,60,2026-07-30,0.5225425029513143,0.88,高,full,D,高风险,24小时内人工复核，进行专项培训和重点监控,危险驾驶行为,30005车距过近；30002左车道偏移；30000前碰撞预警,321,180,0.36
95301096,0.9712041884816754,0.9162303664921466,0.8043193717277487,0.6073298429319371,0.7486910994764397,0.599476439790576,47.161878786217486,11.752693182752665,6.469296517365204,3.6884953811573147,6.726460349222883,1.4374880074559362,77.2363122241715,22.7636877758285,60,2026-07-30,0.9578701441606265,0.94,高,full,E,极高风险,立即人工核查，暂停高风险任务并制定整改计划,危险驾驶行为,30005车距过近；30003右车道偏移；30000前碰撞预警,478,23,0.046
95301098,0.900523560209424,0.8010471204188482,0.5549738219895288,0.5575916230366492,0.6596858638743456,0.599476439790576,40.54713412461281,8.983470847838602,3.0799594309366523,3.1090841808064473,5.2222252679476995,1.4374880074559362,62.37936185959815,37.62063814040185,60,2026-07-30,0.9138315067550565,0.94,高,full,E,极高风险,立即人工核查，暂停高风险任务并制定整改计划,危险驾驶行为,30005车距过近；30000前碰撞预警；30002左车道偏移,427,74,0.148
95301101,0.918848167539267,0.9345549738219895,0.6544502617801047,0.8298429319371727,0.6780104712041884,0.7120418848167539,42.21409774951345,12.227501987335872,4.283051451440476,6.886392916860831,5.516378388750308,2.0280145829335816,73.15543707683452,26.844562923165483,60,2026-07-30,0.92956328190262,0.9249999999999999,高,full,E,极高风险,立即人工核查，暂停高风险任务并制定整改计划,危险驾驶行为,30005车距过近；30000前碰撞预警；30002左车道偏移,465,36,0.072
95301105,0.5026178010471204,0.2670157068062827,0.28861256544502617,0.7801047120418848,0.680628272251309,0.8481675392670157,12.631232696472136,0.9981634275376223,0.8329721293275951,6.0856336174995205,5.559058139853623,2.8775526986650584,28.984612709355556,71.01538729064444,60,2026-07-30,0.4226935939293843,0.94,高,full,C,中风险,安排针对性培训，两周后复评,近端险情,30005车距过近；30000前碰撞预警；30002左车道偏移,251,250,0.5
95301107,0.8089005235602095,0.35602094240837695,0.7414921465968586,0.8900523560209425,0.7329842931937173,0.8298429319371727,32.71600285079905,1.774512760066884,5.498106034648172,7.921931964584306,6.447191688824319,2.7545571667443323,57.112302465667064,42.887697534332936,60,2026-07-30,0.8377849665692035,0.9483333333333333,高,full,E,极高风险,立即人工核查，暂停高风险任务并制定整改计划,近端险情,30005车距过近；30000前碰撞预警；30002左车道偏移,401,100,0.2
95301111,0.7460732984293194,0.7198952879581152,0.574607329842932,0.3507853403141361,0.680628272251309,0.7172774869109948,27.831268331460212,7.255489158740167,3.3017358350922397,1.2305035497930428,5.559058139853623,2.0579479729174093,47.23600298785669,52.76399701214331,60,2026-07-30,0.7740792154607092,0.9366666666666665,高,full,D,高风险,24小时内人工复核，进行专项培训和重点监控,危险驾驶行为,30005车距过近；30002左车道偏移；30003右车道偏移,357,144,0.288
95301116,0.6361256544502618,0.7984293193717278,0.824607329842932,0.4293193717277487,0.7198952879581152,0.599476439790576,20.232792412488696,8.924851292453607,6.799772484306899,1.8431512294070886,6.218990707491572,1.4374880074559362,45.4570461336038,54.5429538663962,60,2026-07-30,0.6611100506823733,0.9316666666666665,高,full,D,高风险,24小时内人工复核，进行专项培训和重点监控,危险驾驶行为,30005车距过近；30002左车道偏移；30003右车道偏移,345,156,0.312
95301124,0.9738219895287958,0.9712041884816754,0.9018324607329842,0.7774869109947644,0.6570680628272252,0.599476439790576,47.41646336449111,13.205326060140896,8.133017872317094,6.044858967681808,5.1808612702502685,1.4374880074559362,81.4180155423371,18.581984457662898,60,2026-07-30,0.9579193211289648,0.9349999999999999,高,full,E,极高风险,立即人工核查，暂停高风险任务并制定整改计划,危险驾驶行为,30005车距过近；30000前碰撞预警；30003右车道偏移,482,19,0.038
95301127,0.7984293193717278,0.9214659685863874,0.6982984293193717,0.6544502617801047,0.6570680628272252,0.6361256544502618,31.874468901620023,11.887393437679886,4.8762069638990155,4.283051451440476,5.1808612702502685,1.6186233929990956,59.72060541788877,40.27939458211123,60,2026-07-30,0.8272774306551498,0.94,高,full,E,极高风险,立即人工核查，暂停高风险任务并制定整改计划,危险驾驶行为,30005车距过近；30000前碰撞预警；30002左车道偏移,414,87,0.174
95301129,0.981675392670157,0.7722513089005235,0.9384816753926701,0.8795811518324608,0.9790575916230366,0.599476439790576,48.18432882870535,8.349209177380004,8.807478550478331,7.736630026589184,11.50264521257641,1.4374880074559362,86.01777980318522,13.98222019681478,60,2026-07-30,0.9701325040054739,0.94,高,full,E,极高风险,立即人工核查，暂停高风险任务并制定整改计划,事故与未遂历史,30005车距过近；30000前碰撞预警；30003右车道偏移,494,7,0.014
95301133,0.9528795811518325,0.9842931937172775,0.9450261780104713,0.8272251308900523,0.93717277486911,0.599476439790576,45.39897480880458,13.56366327677421,8.93074477125079,6.843014171760641,10.53951371947041,1.4374880074559362,86.71339875551656,13.286601244483435,60,2026-07-30,0.9479885213297629,0.9199999999999999,高,full,E,极高风险,立即人工核查，暂停高风险任务并制定整改计划,危险驾驶行为,30005车距过近；30000前碰撞预警；30002左车道偏移,496,5,0.01
95301139,0.9109947643979057,0.918848167539267,0.5700261780104712,0.7643979057591623,0.743455497382199,0.8717277486910995,41.49557303801979,11.819947369863765,3.249298436172254,5.843041583289931,6.632712919053754,3.0396370713522107,72.08021041775172,27.919789582248285,60,2026-07-30,0.921962786873348,0.9349999999999999,高,full,E,极高风险,立即人工核查，暂停高风险任务并制定整改计划,危险驾驶行为,30005车距过近；30000前碰撞预警；30003右车道偏移,462,39,0.078
95301140,0.9476439790575916,0.8848167539267016,0.600130890052356,0.6335078534031413,0.8507853403141361,0.599476439790576,44.901455552205256,10.960609632411392,3.6015708519503296,4.01332200323456,8.686028343521285,1.4374880074559362,73.60047439077876,26.399525609221243,60,2026-07-30,0.9455562484311845,0.9366666666666665,高,full,E,极高风险,立即人工核查，暂停高风险任务并制定整改计划,危险驾驶行为,30005车距过近；30000前碰撞预警；30002左车道偏移,466,35,0.07
95301151,0.9450261780104712,0.6204188481675392,0.7382198952879582,0.612565445026178,0.900523560209424,0.599476439790576,44.65372385625393,5.388873660261505,5.449686137989639,3.7523642444011958,9.731312189907074,1.4374880074559362,70.41344809626928,29.586551903730722,60,2026-07-30,0.9429576757639204,0.9383333333333332,高,full,E,极高风险,立即人工核查，暂停高风险任务并制定整改计划,事故与未遂历史,30005车距过近；30002左车道偏移；30003右车道偏移,456,45,0.09
95301152,0.4712041884816754,0.5549738219895288,0.2486910994764398,0.4083769633507853,0.7303664921465969,0.599476439790576,11.101669362133713,4.311943203311313,0.6184726295880048,1.6677174419560867,6.401222554206299,1.4374880074559362,25.53851319865135,74.46148680134866,60,2026-07-30,0.38117820582224016,0.95,高,full,C,中风险,安排针对性培训，两周后复评,事故与未遂历史,30005车距过近；30000前碰撞预警；41003注意力分散,227,274,0.548
95301161,0.6675392670157068,0.3717277486910995,0.5189790575916231,0.9633507853403142,0.6570680628272252,0.599476439790576,22.280433650393352,1.9345412680573448,2.6933926221868925,9.280447356158,5.1808612702502685,1.4374880074559362,42.80716417450179,57.19283582549821,60,2026-07-30,0.6996651755982837,0.9416666666666665,高,full,D,高风险,24小时内人工复核，进行专项培训和重点监控,近端险情,30005车距过近；30000前碰撞预警；30002左车道偏移,330,171,0.342
95301167,0.7696335078534031,0.6780104712041884,0.6289267015706806,0.5759162303664922,0.9162303664921466,0.599476439790576,29.616786820536717,6.435774786875359,3.95548795948576,3.316795043995505,10.073737013788,1.4374880074559362,54.83606963213727,45.16393036786273,60,2026-07-30,0.7982480412448775,0.895,高,full,E,极高风险,立即人工核查，暂停高风险任务并制定整改计划,事故与未遂历史,30005车距过近；30003右车道偏移；30000前碰撞预警,391,110,0.22
95301179,0.7827225130890052,0.6387434554973822,0.6963350785340314,0.04450261780104712,0.7591623036649214,0.6282722513089005,30.632726624818396,5.711904827170308,4.848825415969957,0.019804829911460757,6.915928839669965,1.578904087059017,49.7080946245991,50.2919053754009,60,2026-07-30,0.8066206689125779,0.9316666666666665,高,full,D,高风险,24小时内人工复核，进行专项培训和重点监控,事故与未遂历史,30002左车道偏移；30003右车道偏移；30017长时间压线,365,136,0.272
95301191,0.9659685863874345,0.9738219895287958,0.8468586387434555,0.7801047120418848,0.9685863874345549,0.612565445026178,46.65476549436693,13.27660974205751,7.171695540144184,6.0856336174995205,11.257915079082261,1.5009456977604783,85.94756517091088,14.052434829089123,60,2026-07-30,0.9560868783199274,0.9349999999999999,高,full,E,极高风险,立即人工核查，暂停高风险任务并制定整改计划,危险驾驶行为,30005车距过近；30000前碰撞预警；30003右车道偏移,493,8,0.016
95301198,0.4109947643979058,0.06806282722513089,0.12892670157068062,0.14921465968586387,0.6570680628272252,0.599476439790576,8.445834818124503,0.06485567829829227,0.1662209437789534,0.22265014665168167,5.1808612702502685,1.4374880074559362,15.517910864559633,84.48208913544036,60,2026-07-30,0.3131202913029516,0.9483333333333333,高,full,B,较低风险,每周反馈主要扣分项，保持常规管理,事故与未遂历史,30005车距过近；30000前碰撞预警；30002左车道偏移,87,414,0.828
95301199,0.27486910994764396,0.4816753926701571,0.43586387434554974,0.9659685863874345,0.6570680628272252,0.599476439790576,3.777651380170499,3.2481565746553,1.8997731695951316,9.330953098873385,5.1808612702502685,1.4374880074559362,24.87488350100052,75.12511649899947,60,2026-07-30,0.21079531600475865,0.94,高,full,B,较低风险,每周反馈主要扣分项，保持常规管理,近端险情,30005车距过近；30000前碰撞预警；30002左车道偏移,196,305,0.61
95301206,0.4214659685863874,0.5366492146596858,0.24149214659685864,0.03926701570680628,0.6570680628272252,0.7356020942408377,8.881678133823085,4.031893314328006,0.5831845686795866,0.015418985225185713,5.1808612702502685,2.1644417642060247,20.857478036512155,79.14252196348784,60,2026-07-30,0.32994469206174964,0.915,高,full,B,较低风险,每周反馈主要扣分项，保持常规管理,事故与未遂历史,30000前碰撞预警；41009频繁低头；41003注意力分散,152,349,0.698
95301207,0.837696335078534,0.9240837696335078,0.7702879581151832,0.19895287958115182,0.6570680628272252,0.599476439790576,35.08675749020038,11.955031386201036,5.933435384172583,0.395822482936323,5.1808612702502685,1.4374880074559362,59.98939602121652,40.01060397878348,60,2026-07-30,0.8619186220614744,0.9383333333333332,高,full,E,极高风险,立即人工核查，暂停高风险任务并制定整改计划,危险驾驶行为,30002左车道偏移；30000前碰撞预警；30003右车道偏移,415,86,0.172
95301219,0.8167539267015707,0.9267015706806283,0.800392670157068,0.8010471204188482,0.9397905759162304,0.8795811518324608,33.354348839121734,12.02286121542721,6.406284264411611,6.416764891313287,10.59847591897152,3.0946520106356736,71.89338713988103,28.10661286011897,60,2026-07-30,0.8414679383980744,0.9433333333333332,高,full,E,极高风险,立即人工核查，暂停高风险任务并制定整改计划,危险驾驶行为,30005车距过近；30000前碰撞预警；30002左车道偏移,461,40,0.08
95301229,0.675392670157068,0.9293193717277487,0.8527486910994764,0.23821989528795812,0.6570680628272252,0.806282722513089,22.807762945094705,12.090882925358406,7.271803301718702,0.5674871851100572,5.1808612702502685,2.6003673144924755,50.51916494202462,49.48083505797538,60,2026-07-30,0.7110847529332855,0.9383333333333332,高,full,E,极高风险,立即人工核查，暂停高风险任务并制定整改计划,危险驾驶行为,30003右车道偏移；30002左车道偏移；30005车距过近,368,133,0.266
95301231,0.9345549738219895,0.7225130890052356,0.6485602094240838,0.6858638743455497,0.7513089005235603,0.7984293193717278,43.669649954770975,7.308352292974425,4.206303452482114,4.704092541322881,6.773580768071052,2.549957512129602,69.21193652175106,30.788063478248944,60,2026-07-30,0.9386264606031419,0.94,高,full,E,极高风险,立即人工核查，暂停高风险任务并制定整改计划,危险驾驶行为,30005车距过近；30000前碰撞预警；30002左车道偏移,448,53,0.106
95301238,0.806282722513089,0.9109947643979057,0.7833769633507853,0.193717277486911,0.6570680628272252,0.599476439790576,32.504591431155944,11.61876045064554,6.136794667086977,0.37526383596940877,5.1808612702502685,1.4374880074559362,57.253759662564065,42.746240337435935,60,2026-07-30,0.8374539331699578,0.93,高,full,E,极高风险,立即人工核查，暂停高风险任务并制定整改计划,危险驾驶行为,30002左车道偏移；30005车距过近；30003右车道偏移,402,99,0.198
95301243,0.7198952879581152,0.8507853403141361,0.7375654450261779,0.2198952879581152,0.9031413612565445,0.599476439790576,25.91246128121488,10.133699734108166,5.44002785696664,0.483539376661824,9.787971820947892,1.4374880074559362,53.19518807735533,46.80481192264467,60,2026-07-30,0.7533736758774667,0.9366666666666665,高,full,E,极高风险,立即人工核查，暂停高风险任务并制定整改计划,危险驾驶行为,30002左车道偏移；30005车距过近；30003右车道偏移,380,121,0.242
95301247,0.5497382198952879,0.56282722513089,0.5680628272251309,0.8821989528795812,0.6570680628272252,0.8926701570680629,15.110605520681997,4.4348427948795255,3.226953756750089,7.782749924618296,5.1808612702502685,3.18744003727968,38.923453304459855,61.076546695540145,60,2026-07-30,0.49620701283917734,0.7533333333333333,中,full,D,高风险,24小时内人工复核，进行专项培训和重点监控,近端险情,30005车距过近；30000前碰撞预警；30002左车道偏移,311,190,0.38
95301249,0.8298429319371727,0.6858638743455497,0.7349476439790575,0.45287958115183247,0.6570680628272252,0.8272251308900523,34.431964584304154,6.585729557852033,5.401480393903675,2.050999150242592,5.1808612702502685,2.7372056687042567,56.38824062525698,43.61175937474302,60,2026-07-30,0.8502362793648727,0.9333333333333332,高,full,E,极高风险,立即人工核查，暂停高风险任务并制定整改计划,危险驾驶行为,30005车距过近；30000前碰撞预警；30003右车道偏移,398,103,0.206
95301254,0.887434554973822,0.8952879581151832,0.8331151832460734,0.8455497382198953,0.806282722513089,0.599476439790576,39.37700446807927,11.221567391244758,6.9408090855513835,7.149543598037335,7.801101943477427,1.4374880074559362,73.92751449384612,26.072485506153882,60,2026-07-30,0.8981497872584958,0.9349999999999999,高,full,E,极高风险,立即人工核查，暂停高风险任务并制定整改计划,危险驾驶行为,30005车距过近；30000前碰撞预警；30003右车道偏移,469,32,0.064
95301261,0.10732984293193717,0.23821989528795812,0.3370418848167539,0.6099476439790575,0.6570680628272252,0.599476439790576,0.5759847591897153,0.7944820591540802,1.1359723212083002,3.720361283956031,5.1808612702502685,1.4374880074559362,12.845149701214332,87.15485029878568,60,2026-07-30,0.1367003558337334,0.9349999999999999,高,full,A,低风险,保持常规月度复盘，可纳入安全激励,事故与未遂历史,30005车距过近；30000前碰撞预警；30002左车道偏移,58,443,0.886
95301274,0.7120418848167539,0.9476439790575916,0.6151832460732984,0.1649214659685864,0.6570680628272252,0.9214659685863874,25.35018228666977,12.572407554617472,3.7845042624928045,0.271990899372276,5.1808612702502685,3.3963981250513964,50.55634439845399,49.44365560154601,60,2026-07-30,0.7340244742532747,0.9333333333333332,高,full,E,极高风险,立即人工核查，暂停高风险任务并制定整改计划,危险驾驶行为,30003右车道偏移；30002左车道偏移；30005车距过近,369,132,0.264
95301279,0.14397905759162305,0.42670157068062825,0.31675392670157065,0.17801047120418848,0.6570680628272252,0.599476439790576,1.0364984512485953,2.5490392258984125,1.00333050080864,0.3168772785833721,5.1808612702502685,1.4374880074559362,11.524094734245224,88.47590526575478,60,2026-07-30,0.14990641553351627,0.9483333333333333,高,full,A,低风险,保持常规月度复盘，可纳入安全激励,事故与未遂历史,30005车距过近；30000前碰撞预警；30002左车道偏移,43,458,0.916
95301281,0.806282722513089,0.6884816753926701,0.8213350785340314,0.725130890052356,0.8089005235602095,0.599476439790576,32.504591431155944,6.636098242920973,6.745913112305035,5.25814807708122,7.851840684191771,1.4374880074559362,60.43407955511088,39.56592044488912,60,2026-07-30,0.837725855448548,0.9366666666666665,高,full,E,极高风险,立即人工核查，暂停高风险任务并制定整改计划,事故与未遂历史,30005车距过近；30000前碰撞预警；30002左车道偏移,418,83,0.166
95301283,0.4397905759162304,0.46335078534031415,0.4803664921465969,0.27486910994764396,0.6570680628272252,0.9554973821989529,9.67078753323648,3.0057153038568023,2.307519667772265,0.7555302760340998,5.1808612702502685,3.651900989556207,24.572315040706123,75.42768495929388,60,2026-07-30,0.34710538220226606,0.755,中,full,B,较低风险,每周反馈主要扣分项，保持常规管理,事故与未遂历史,30005车距过近；30002左车道偏移；30003右车道偏移,191,310,0.62
95301286,0.3795811518324607,0.05759162303664921,0.22709424083769633,0.819371727748691,0.6570680628272252,0.599476439790576,7.20409254132288,0.046435130615937056,0.5157179422164963,6.713700282338751,5.1808612702502685,1.4374880074559362,21.09829517420027,78.90170482579973,60,2026-07-30,0.2869676011537196,0.94,高,full,B,较低风险,每周反馈主要扣分项，保持常规管理,近端险情,30005车距过近；30000前碰撞预警；30002左车道偏移,154,347,0.694
95301295,0.9162303664921466,0.7722513089005235,0.6708115183246073,0.6649214659685864,0.8298429319371727,0.8743455497382199,41.973904224116666,8.349209177380004,4.499880931169649,4.42120555905814,8.263671500232997,3.0579205613881197,70.56579195334557,29.434208046654433,60,2026-07-30,0.9266475248866595,0.9183333333333333,高,full,E,极高风险,立即人工核查，暂停高风险任务并制定整改计划,危险驾驶行为,30005车距过近；30000前碰撞预警；30003右车道偏移,458,43,0.086
95301297,0.010471204188481676,0.13089005235602094,0.2545811518324608,0.23298429319371727,0.6570680628272252,0.599476439790576,0.00548230585784381,0.23985088128066664,0.6481156286834244,0.5428168087497601,5.1808612702502685,1.4374880074559362,8.0546149022779,91.9453850977221,60,2026-07-30,0.07331503818274765,0.9349999999999999,高,full,A,低风险,保持常规月度复盘，可纳入安全激励,事故与未遂历史,30005车距过近；30000前碰撞预警；30002左车道偏移,6,495,0.99
95301300,0.42408376963350786,0.6335078534031413,0.2755235602094241,0.581151832460733,0.6570680628272252,0.837696335078534,8.992352183328308,5.618650804528383,0.7591323223047614,3.377374523724679,5.1808612702502685,2.80694059921603,26.73531170335243,73.26468829664756,60,2026-07-30,0.33113723883355267,0.9349999999999999,高,full,C,中风险,安排针对性培训，两周后复评,危险驾驶行为,30005车距过近；30000前碰撞预警；30002左车道偏移,236,265,0.53
95301303,0.5654450261780105,0.4973821989528796,0.42277486910994766,0.34554973821989526,0.7198952879581152,0.9476439790575916,15.98640388147255,3.4634467256928265,1.7873858995093337,1.1940462158383816,6.218990707491572,3.5921164441764204,32.242389874181086,67.75761012581891,60,2026-07-30,0.5528032308482526,0.9483333333333333,高,full,C,中风险,安排针对性培训，两周后复评,事故与未遂历史,30005车距过近；30002左车道偏移；30000前碰撞预警,277,224,0.448
95301306,0.6832460732984293,0.6727748691099477,0.19764397905759162,0.918848167539267,0.6570680628272252,0.7225130890052356,23.341259833886134,6.336764343082701,0.39063142457717714,8.442819549902689,5.1808612702502685,2.08810065513555,45.78043707683452,54.21956292316548,60,2026-07-30,0.7181474341079579,0.9333333333333332,高,full,D,高风险,24小时内人工复核，进行专项培训和重点监控,近端险情,30005车距过近；30000前碰撞预警；30002左车道偏移,351,150,0.3
95301310,0.7591623036649214,0.7670157068062827,0.706151832460733,0.4397905759162304,0.8141361256544503,0.599476439790576,28.81637016529152,8.23638332282558,4.986504104876511,1.934157506647296,7.953811573147666,1.4374880074559362,53.364714680244504,46.635285319755496,60,2026-07-30,0.7898293948011047,0.9349999999999999,高,full,E,极高风险,立即人工核查，暂停高风险任务并制定整改计划,危险驾驶行为,30005车距过近；30000前碰撞预警；30003右车道偏移,382,119,0.238
95301316,0.18324607329842932,0.15968586387434555,0.5726439790575917,0.774869109947644,0.6570680628272252,0.8507853403141361,1.6789561689646664,0.35699405169814424,3.279211267509115,6.00422137551054,5.1808612702502685,2.8953427811737615,19.3955869151065,80.60441308489351,60,2026-07-30,0.16431435482436207,0.9383333333333332,高,full,B,较低风险,每周反馈主要扣分项，保持常规管理,近端险情,30005车距过近；30000前碰撞预警；30003右车道偏移,135,366,0.732
95301320,0.8429319371727748,0.8272251308900523,0.5569371727748691,0.3507853403141361,0.6570680628272252,0.6151832460732984,35.52671253529234,9.580219840464899,3.101790144184644,1.2305035497930428,5.1808612702502685,1.5138017049971217,56.13388904498232,43.86611095501768,60,2026-07-30,0.8677968357438366,0.9383333333333332,高,full,E,极高风险,立即人工核查，暂停高风险任务并制定整改计划,危险驾驶行为,30005车距过近；30002左车道偏移；30000前碰撞预警,396,105,0.21
95301325,0.9869109947643979,0.8743455497382199,0.9240837696335079,0.8167539267015707,0.9450261780104712,0.599476439790576,48.69966557934267,10.70272196485842,8.539308133000741,6.670869767824347,10.716893725500945,1.4374880074559362,86.76694717798306,13.233052822016944,60,2026-07-30,0.9720084225452006,0.9383333333333332,高,full,E,极高风险,立即人工核查，暂停高风险任务并制定整改计划,事故与未遂历史,30005车距过近；30000前碰撞预警；30003右车道偏移,497,4,0.008
95301329,0.8115183246073299,0.887434554973822,0.7401832460732984,0.5130890052356021,0.6858638743455497,0.599476439790576,32.928099558674376,11.025561251062195,5.47871237767605,2.6326032729365973,5.644911049587456,1.4374880074559362,59.14737551739261,40.85262448260739,60,2026-07-30,0.8381723659271751,0.9383333333333332,高,full,E,极高风险,立即人工核查，暂停高风险任务并制定整改计划,危险驾驶行为,30005车距过近；30002左车道偏移；30000前碰撞预警,409,92,0.184
95301330,0.8507853403141361,0.9764397905759162,0.7120418848167539,0.6256544502617801,0.8455497382198953,0.7329842931937173,36.19178476467202,13.348085304679149,5.070036457333954,3.914434911323703,8.579452317644801,2.149063896274773,69.2528576519284,30.747142348071606,60,2026-07-30,0.8748897953283759,0.94,高,full,E,极高风险,立即人工核查，暂停高风险任务并制定整改计划,危险驾驶行为,30005车距过近；30002左车道偏移；30000前碰撞预警,449,52,0.104
95301338,0.8586387434554974,0.5706806282722513,0.487565445026178,0.36649214659685864,0.7486910994764397,0.6204188481675392,36.863024588141776,4.55946931279296,2.37720063183575,1.3431649351717332,6.726460349222883,1.5396781886461444,53.40899800581125,46.59100199418875,60,2026-07-30,0.8805077070582911,0.9366666666666665,高,full,E,极高风险,立即人工核查，暂停高风险任务并制定整改计划,事故与未遂历史,30005车距过近；30000前碰撞预警；30002左车道偏移,383,118,0.236
95301342,0.9109947643979057,0.9738219895287958,0.831151832460733,0.34293193717277487,0.6570680628272252,0.7382198952879581,41.49557303801979,13.27660974205751,6.908133686028344,1.1760231353307202,5.1808612702502685,2.179874455195855,70.2170753268825,29.782924673117506,60,2026-07-30,0.9204386513193892,0.94,高,full,E,极高风险,立即人工核查，暂停高风险任务并制定整改计划,危险驾驶行为,30005车距过近；30002左车道偏移；30003右车道偏移,454,47,0.094
95301356,0.6596858638743456,0.7198952879581152,0.7421465968586387,0.2486910994764398,0.6884816753926701,0.8010471204188482,21.75927194978208,7.255489158740167,5.507815712288588,0.6184726295880048,5.688084208217976,2.5667059565253147,43.39583961514212,56.60416038485788,60,2026-07-30,0.6861750960906319,0.9383333333333332,高,full,D,高风险,24小时内人工复核，进行专项培训和重点监控,危险驾驶行为,30005车距过近；30002左车道偏移；30003右车道偏移,335,166,0.332
95301381,0.9031413612565445,0.819371727748691,0.8442408376963352,0.4816753926701571,0.9554973821989529,0.6335078534031413,40.783215920616215,9.39918039527425,7.127425920342097,2.3201118390395,10.955702968668621,1.6053288012938238,72.1909658452345,27.8090341547655,60,2026-07-30,0.9139856682422164,0.9316666666666666,高,full,E,极高风险,立即人工核查，暂停高风险任务并制定整改计划,事故与未遂历史,30005车距过近；30002左车道偏移；30003右车道偏移,463,38,0.076
95301384,0.8638743455497382,0.6963350785340314,0.7081151832460734,0.24083769633507854,0.6570680628272252,0.599476439790576,37.31394424494942,6.788355582357941,5.014271127436201,0.580027959759875,5.1808612702502685,1.4374880074559362,56.31494819220964,43.68505180779036,60,2026-07-30,0.8876827041514903,0.9366666666666665,高,full,E,极高风险,立即人工核查，暂停高风险任务并制定整改计划,危险驾驶行为,30000前碰撞预警；30003右车道偏移；30002左车道偏移,397,104,0.208
95301387,0.7931937172774869,0.6701570680628273,0.8219895287958116,0.3743455497382199,0.837696335078534,0.599476439790576,31.457813656423887,6.2875469422439085,6.756667854499603,1.4013459060881006,8.42082179764809,1.4374880074559362,55.76168416435952,44.23831583564048,60,2026-07-30,0.825567764770629,0.9166666666666666,高,full,E,极高风险,立即人工核查，暂停高风险任务并制定整改计划,事故与未遂历史,30005车距过近；30003右车道偏移；30002左车道偏移,395,106,0.212
95301390,0.7460732984293194,0.7958115183246073,0.6564136125654451,0.3219895287958115,0.6570680628272252,0.599476439790576,27.831268331460212,8.866423617773634,4.308788307612182,1.036772566541487,5.1808612702502685,1.4374880074559362,48.66160210109371,51.33839789890629,60,2026-07-30,0.7770398569022787,0.9366666666666665,高,full,D,高风险,24小时内人工复核，进行专项培训和重点监控,危险驾驶行为,30005车距过近；30002左车道偏移；30003右车道偏移,361,140,0.28
95301399,0.39790575916230364,0.14136125654450263,0.2787958115183246,0.8743455497382199,0.6570680628272252,0.8167539267015707,7.91644965872646,0.27976206792576963,0.7772710452016118,7.644801403470299,5.1808612702502685,2.6683479071297387,24.46749335270415,75.53250664729585,60,2026-07-30,0.3016771107055235,0.9366666666666665,高,full,B,较低风险,每周反馈主要扣分项，保持常规管理,近端险情,30005车距过近；30000前碰撞预警；30003右车道偏移,189,312,0.624
95301406,0.6465968586387435,0.7041884816753927,0.6433246073298429,0.1518324607329843,0.8664921465968587,0.7408376963350786,20.90437488007456,6.942339848140128,4.138665503960965,0.23053096132233217,9.009703681368384,2.1953619692442645,43.42097684411064,56.57902315588936,60,2026-07-30,0.6718496374031988,0.9383333333333332,高,full,D,高风险,24小时内人工复核，进行专项培训和重点监控,事故与未遂历史,30002左车道偏移；30003右车道偏移；30005车距过近,336,165,0.33
95301407,0.9764397905759162,0.8769633507853403,0.8298429319371727,0.8403141361256544,0.8979057591623036,0.599476439790576,47.67173323099696,10.766906060689124,6.886392916860831,7.061278473726049,9.674817028041995,1.4374880074559362,83.4986157177709,16.501384282229097,60,2026-07-30,0.9593400486872032,0.9383333333333332,高,full,E,极高风险,立即人工核查，暂停高风险任务并制定整改计划,危险驾驶行为,30005车距过近；30000前碰撞预警；30003右车道偏移,490,11,0.022
95301419,0.9267015706806283,0.7931937172774869,0.8697643979057591,0.3193717277486911,0.6570680628272252,0.599476439790576,42.93879005509717,8.808187823798688,7.564901078643676,1.0199830048518408,5.1808612702502685,1.4374880074559362,66.95021124009759,33.04978875990241,60,2026-07-30,0.931297127617759,0.93,高,full,E,极高风险,立即人工核查，暂停高风险任务并制定整改计划,危险驾驶行为,30000前碰撞预警；30003右车道偏移；30002左车道偏移,442,59,0.118
95301421,0.8324607329842932,0.8638743455497382,0.9195026178010471,0.5471204188481675,0.6570680628272252,0.599476439790576,34.64954359803733,10.447904388585838,8.454850641429786,2.993407527205943,5.1808612702502685,1.4374880074559362,63.16405543296511,36.83594456703489,60,2026-07-30,0.8504706425637193,0.9349999999999999,高,full,E,极高风险,立即人工核查，暂停高风险任务并制定整改计划,危险驾驶行为,30005车距过近；30000前碰撞预警；30002左车道偏移,430,71,0.142
95301439,0.18586387434554974,0.28272251308900526,0.3259162303664922,0.39790575916230364,0.7225130890052356,0.7486910994764397,1.727268989336915,1.1190482717030785,1.0622138921630442,1.583289931745292,6.26430196540665,2.242153449740961,13.99827650009594,86.00172349990406,60,2026-07-30,0.1644175656556206,0.94,高,full,A,低风险,保持常规月度复盘，可纳入安全激励,事故与未遂历史,30005车距过近；30000前碰撞预警；30002左车道偏移,70,431,0.862
95301447,0.08115183246073299,0.2670157068062827,0.4666230366492147,0.8743455497382199,0.6570680628272252,0.599476439790576,0.3292809955867438,0.9981634275376223,2.1773705833173436,7.644801403470299,5.1808612702502685,1.4374880074559362,17.76796568761821,82.23203431238178,60,2026-07-30,0.12393698378959206,0.9366666666666665,高,full,B,较低风险,每周反馈主要扣分项，保持常规管理,近端险情,30005车距过近；30000前碰撞预警；30002左车道偏移,112,389,0.778
95301448,0.8664921465968587,0.581151832460733,0.7696335078534031,0.3324607329842932,0.6570680628272252,0.8821989528795812,37.540432005701604,4.72832433321455,5.923357364107344,1.105301389764535,5.1808612702502685,3.113099969847318,57.59137633288562,42.40862366711438,60,2026-07-30,0.8889913693077042,0.9349999999999999,高,full,E,极高风险,立即人工核查，暂停高风险任务并制定整改计划,车辆控制稳定性,30005车距过近；30003右车道偏移；30002左车道偏移,404,97,0.194
95301453,0.7382198952879581,0.900523560209424,0.5536649214659686,0.887434554973822,0.8403141361256544,0.599476439790576,27.24843068994819,11.353197554891587,3.0654484526191714,7.875400893615854,8.473534168471259,1.4374880074559362,59.45349976700199,40.54650023299801,60,2026-07-30,0.7708602598565996,0.9283333333333332,高,full,E,极高风险,立即人工核查，暂停高风险任务并制定整改计划,危险驾驶行为,30005车距过近；30000前碰撞预警；30002左车道偏移,412,89,0.178
95301468,0.2801047120418848,0.09947643979057591,0.4260471204188482,0.8324607329842932,0.6570680628272252,0.599476439790576,3.9229324854033605,0.13853786902771303,1.8151614881719254,6.929908719607467,5.1808612702502685,1.4374880074559362,19.42488983991667,80.57511016008333,60,2026-07-30,0.21328916143704424,0.9333333333333332,高,full,B,较低风险,每周反馈主要扣分项，保持常规管理,近端险情,30005车距过近；30000前碰撞预警；30003右车道偏移,136,365,0.73
95301471,0.7486910994764397,0.6492146596858639,0.6727748691099477,0.3481675392670157,0.6570680628272252,0.599476439790576,28.026918121762012,5.900715440914449,4.526260245059072,1.2122063539924892,5.1808612702502685,1.4374880074559362,46.284449439434226,53.715550560565774,60,2026-07-30,0.7818785627728558,0.9383333333333332,高,full,D,高风险,24小时内人工复核，进行专项培训和重点监控,危险驾驶行为,30005车距过近；30002左车道偏移；30003右车道偏移,353,148,0.296
95301480,0.8952879581151832,0.7015706806282722,0.6282722513089005,0.8717277486910995,0.6570680628272252,0.9397905759162304,40.0770263973027,6.8908198788410395,3.9472602176475426,7.599092678380527,5.1808612702502685,3.53282530632384,67.22788574874592,32.77211425125408,60,2026-07-30,0.9128712902479718,0.9383333333333332,高,full,E,极高风险,立即人工核查，暂停高风险任务并制定整改计划,近端险情,30005车距过近；30000前碰撞预警；30002左车道偏移,443,58,0.116
95301496,0.8769633507853403,0.7539267015706806,0.7650523560209423,0.7486910994764397,0.6570680628272252,0.599476439790576,38.45323593103259,7.9576765987774465,5.8530510745319475,5.6053836243524024,5.1808612702502685,1.4374880074559362,64.48769650640058,35.51230349359942,60,2026-07-30,0.8957793147673376,0.9233333333333333,高,full,E,极高风险,立即人工核查，暂停高风险任务并制定整改计划,危险驾驶行为,30005车距过近；30000前碰撞预警；30002左车道偏移,437,64,0.128
95301497,0.9895287958115183,0.7905759162303665,0.9129581151832461,0.756544502617801,0.9685863874345549,0.599476439790576,48.95836188700968,8.750143910528768,8.334925200789453,5.723595844412159,11.257915079082261,1.4374880074559362,84.46242992927827,15.537570070721728,60,2026-07-30,0.9738887592703126,0.9383333333333332,高,full,E,极高风险,立即人工核查，暂停高风险任务并制定整改计划,事故与未遂历史,30005车距过近；30003右车道偏移；30000前碰撞预警,492,9,0.018
95301498,0.9685863874345549,0.806282722513089,0.7513089005235603,0.6701570680628273,0.7460732984293194,0.7801047120418848,46.90797949617609,9.101285600723664,5.64465064005921,4.491104958745649,6.679504399550451,2.4342534469998083,75.25877854225487,24.741221457745127,60,2026-07-30,0.9572521601216135,0.94,高,full,E,极高风险,立即人工核查，暂停高风险任务并制定整改计划,危险驾驶行为,30005车距过近；30000前碰撞预警；30003右车道偏移,473,28,0.056
95301504,0.9685863874345549,0.9397905759162304,0.7519633507853403,0.9738219895287958,0.8115183246073299,0.599476439790576,46.90797949617609,12.36488857213344,5.654488809243166,9.483292672898221,7.902743894081851,1.4374880074559362,83.7508814519887,16.249118548011296,60,2026-07-30,0.9562410874010672,0.9316666666666666,高,full,E,极高风险,立即人工核查，暂停高风险任务并制定整改计划,危险驾驶行为,30005车距过近；30000前碰撞预警；30002左车道偏移,491,10,0.02
95301505,0.3403141361256545,0.43455497382198954,0.4253926701570681,0.38219895287958117,0.6570680628272252,0.9162303664921466,5.790685562347524,2.64373235382802,1.8095892382336016,1.4607603958224828,5.1808612702502685,3.357912337929333,20.243541158411233,79.75645884158877,60,2026-07-30,0.2510645465069621,0.9366666666666665,高,full,B,较低风险,每周反馈主要扣分项，保持常规管理,事故与未遂历史,30005车距过近；30002左车道偏移；30003右车道偏移,149,352,0.704
95301513,0.7225130890052356,0.7617801047120419,0.574607329842932,0.6282722513089005,0.9502617801047121,0.599476439790576,26.101258189194375,8.124324991091255,3.3017358350922397,3.9472602176475426,10.835969408733314,1.4374880074559362,53.748036649214654,46.251963350785346,60,2026-07-30,0.7534285378024085,0.9033333333333333,高,full,E,极高风险,立即人工核查，暂停高风险任务并制定整改计划,事故与未遂历史,30005车距过近；30002左车道偏移；30003右车道偏移,386,115,0.23
95301529,0.7958115183246073,0.8167539267015707,0.8507853403141361,0.5523560209424084,0.7146596858638743,0.599476439790576,31.66579863490584,9.339217674954085,7.238356952934404,3.0509717387133035,6.128861599188618,1.4374880074559362,58.86069460815218,41.13930539184782,60,2026-07-30,0.826721246892134,0.9333333333333333,高,full,E,极高风险,立即人工核查，暂停高风险任务并制定整改计划,危险驾驶行为,30005车距过近；30000前碰撞预警；30003右车道偏移,406,95,0.19
95301530,0.662303664921466,0.7094240837696335,0.6027486910994764,0.2643979057591623,0.7984293193717278,0.599476439790576,21.932307228420274,7.045955428853375,3.63305984622132,0.6990625256983085,7.649872536388806,1.4374880074559362,42.397745573038016,57.602254426961984,60,2026-07-30,0.6926350325075494,0.94,高,full,D,高风险,24小时内人工复核，进行专项培训和重点监控,事故与未遂历史,30005车距过近；30002左车道偏移；30003右车道偏移,327,174,0.348
95301543,0.9319371727748691,0.8586387434554974,0.6583769633507853,0.5366492146596858,0.7931937172774869,0.6047120418848168,43.42534469998081,10.321646884679696,4.334602258710013,2.8799237959485757,7.549875277541734,1.4627066144020175,69.97409953126285,30.02590046873715,60,2026-07-30,0.9383898723063195,0.9383333333333332,高,full,E,极高风险,立即人工核查，暂停高风险任务并制定整改计划,危险驾驶行为,30005车距过近；30003右车道偏移；30002左车道偏移,453,48,0.096
95301548,0.9424083769633508,0.680628272251309,0.6524869109947644,0.5026178010471204,0.6649214659685864,0.599476439790576,44.40667744853485,6.485567829829227,4.257391690194896,2.5262465392944273,5.305446670869768,1.4374880074559362,64.41881818617911,35.58118181382089,60,2026-07-30,0.9421142542702095,0.9383333333333332,高,full,E,极高风险,立即人工核查，暂停高风险任务并制定整改计划,危险驾驶行为,30005车距过近；30000前碰撞预警；30003右车道偏移,436,65,0.13
95301549,0.9581151832460733,0.8795811518324608,0.7742146596858639,0.900523560209424,0.9528795811518325,0.599476439790576,45.89923521833283,10.831282037224858,5.99408339272498,8.109426824922561,10.8957539541131,1.4374880074559362,83.16726943477427,16.83273056522573,60,2026-07-30,0.9507386757836135,0.9383333333333332,高,full,E,极高风险,立即人工核查，暂停高风险任务并制定整改计划,事故与未遂历史,30005车距过近；30000前碰撞预警；30002左车道偏移,489,12,0.024
95301555,0.16753926701570682,0.42408376963350786,0.5026178010471204,0.9790575916230366,0.6570680628272252,0.7198952879581152,1.4034702996080153,2.517858611331926,2.5262465392944273,9.585537677147007,5.1808612702502685,2.0729969024971906,23.286971300128837,76.71302869987116,60,2026-07-30,0.1593820413466227,0.9383333333333332,高,full,B,较低风险,每周反馈主要扣分项，保持常规管理,近端险情,30005车距过近；30000前碰撞预警；30002左车道偏移,175,326,0.652
95301562,0.23821989528795812,0.2356020942408377,0.48298429319371733,0.29842931937172773,0.6570680628272252,0.599476439790576,2.8374359255502863,0.7771168553493599,2.332738274718347,0.8906005866067267,5.1808612702502685,1.4374880074559362,13.456240919930925,86.54375908006908,60,2026-07-30,0.1945542147636536,0.9383333333333332,高,full,A,低风险,保持常规月度复盘，可纳入安全激励,事故与未遂历史,30005车距过近；30002左车道偏移；30003右车道偏移,65,436,0.872
95301567,0.6465968586387435,0.35602094240837695,0.3252617801047121,0.6989528795811518,0.6570680628272252,0.599476439790576,20.90437488007456,1.774512760066884,1.0579522559688608,4.885351278747841,5.1808612702502685,1.4374880074559362,35.240540452564346,64.75945954743565,60,2026-07-30,0.6766764930029225,0.9366666666666665,高,full,D,高风险,24小时内人工复核，进行专项培训和重点监控,事故与未遂历史,30005车距过近；30000前碰撞预警；30003右车道偏移,294,207,0.414
95301619,0.11518324607329843,0.3900523560209424,0.5320680628272251,0.4869109947643979,0.6570680628272252,0.599476439790576,0.6633590087991008,2.1299717661248323,2.8309642348071593,2.3708231682245553,5.1808612702502685,1.4374880074559362,14.613467455661853,85.38653254433815,60,2026-07-30,0.14263923986188365,0.9366666666666665,高,full,A,低风险,保持常规月度复盘，可纳入安全激励,事故与未遂历史,30005车距过近；30002左车道偏移；30000前碰撞预警,77,424,0.848
95301638,0.07853403141361257,0.40575916230366493,0.2709424083769634,0.7696335078534031,0.6570680628272252,0.599476439790576,0.30837970450371427,2.3049669691072063,0.7340978865710919,5.923357364107344,5.1808612702502685,1.4374880074559362,15.889151201995562,84.11084879800444,60,2026-07-30,0.11921495247363431,0.9383333333333332,高,full,B,较低风险,每周反馈主要扣分项，保持常规管理,近端险情,30005车距过近；30000前碰撞预警；30003右车道偏移,90,411,0.822
95301659,0.337696335078534,0.2356020942408377,0.5183246073298429,0.3036649214659686,0.6570680628272252,0.8324607329842932,5.701940736273676,0.7771168553493599,2.6866039856363577,0.9221238452893287,5.1808612702502685,2.771963487842987,18.040610180641977,81.95938981935802,60,2026-07-30,0.2509359861328638,0.94,高,full,B,较低风险,每周反馈主要扣分项，保持常规管理,事故与未遂历史,30005车距过近；30002左车道偏移；30003右车道偏移,114,387,0.774
95301660,0.29581151832460734,0.4895287958115183,0.47054973821989526,0.35340314136125656,0.6570680628272252,0.599476439790576,4.375222718675475,3.3549381870014527,2.2141705613881197,1.2489378032400429,5.1808612702502685,1.4374880074559362,17.811618548011293,82.1883814519887,60,2026-07-30,0.22799295790210522,0.9383333333333332,高,full,B,较低风险,每周反馈主要扣分项，保持常规管理,事故与未遂历史,30005车距过近；30002左车道偏移；30003右车道偏移,113,388,0.776
95301663,0.31675392670157065,0.4581151832460733,0.3965968586387434,0.8429319371727748,0.6570680628272252,0.6832460732984293,5.0166525040432,2.9381732956881663,1.5728906828211942,7.1053425070584675,5.1808612702502685,1.8673007867108908,23.681221046572187,76.31877895342781,60,2026-07-30,0.24067723799656726,0.9383333333333332,高,full,B,较低风险,每周反馈主要扣分项，保持常规管理,近端险情,30005车距过近；30000前碰撞预警；30002左车道偏移,180,321,0.642
95301694,0.09162303664921466,0.1544502617801047,0.18586387434554974,0.599476439790576,0.6570680628272252,0.6780104712041884,0.4197390422411666,0.3339683670952002,0.345453797867383,3.5937200186398406,5.1808612702502685,1.8387927962501025,11.712535292343961,88.28746470765604,60,2026-07-30,0.12751390649020478,0.94,高,full,A,低风险,保持常规月度复盘，可纳入安全激励,事故与未遂历史,30005车距过近；30000前碰撞预警；30003右车道偏移,48,453,0.906
95301711,0.25392670157068065,0.48429319371727747,0.5019633507853403,0.4738219895287958,0.6570680628272252,0.7879581151832461,3.223938488528275,3.283558564732326,2.519672055316466,2.245072777610263,5.1808612702502685,2.483511965132535,18.936615121570135,81.06338487842987,60,2026-07-30,0.20295128793754003,0.9299999999999999,高,full,B,较低风险,每周反馈主要扣分项，保持常规管理,事故与未遂历史,30005车距过近；30002左车道偏移；30000前碰撞预警,127,374,0.748
95301728,0.225130890052356,0.5497382198952879,0.3769633507853403,0.8141361256544503,0.6570680628272252,0.680628272251309,2.5341958827883007,4.230969545790959,1.4210136783531155,6.6281763109563885,5.1808612702502685,1.8530193799512078,21.848236068090237,78.15176393190976,60,2026-07-30,0.18010155388425045,0.9383333333333332,高,full,B,较低风险,每周反馈主要扣分项，保持常规管理,近端险情,30005车距过近；30000前碰撞预警；30002左车道偏移,161,340,0.68
95301748,0.2931937172774869,0.4319371727748691,0.5831151832460734,0.2094240837696335,0.6570680628272252,0.599476439790576,4.298127792549546,2.6119760971464596,3.400233169321017,0.4385844686275047,5.1808612702502685,1.4374880074559362,17.36727080535073,82.63272919464927,60,2026-07-30,0.22064282080912906,0.9383333333333332,高,full,B,较低风险,每周反馈主要扣分项，保持常规管理,事故与未遂历史,30005车距过近；30002左车道偏移；30003右车道偏移,108,393,0.786
95301762,0.12303664921465969,0.11780104712041885,0.5837696335078534,0.7643979057591623,0.6570680628272252,0.599476439790576,0.7569008524985609,0.19427921383733998,3.407869850058934,5.843041583289931,5.1808612702502685,1.4374880074559362,16.82044077739097,83.17955922260903,60,2026-07-30,0.14376224376880878,0.9333333333333332,高,full,B,较低风险,每周反馈主要扣分项，保持常规管理,近端险情,30005车距过近；30000前碰撞预警；30002左车道偏移,97,404,0.808
95301804,0.6256544502617801,0.5314136125654451,0.2827225130890052,0.38481675392670156,0.6675392670157068,0.599476439790576,19.572174556618517,3.9536059866779976,0.7993201940736272,1.480839341026836,5.347304076094405,1.4374880074559362,32.590732161947315,67.40926783805268,60,2026-07-30,0.6521253692246274,0.9349999999999999,高,full,C,中风险,安排针对性培训，两周后复评,事故与未遂历史,30005车距过近；30000前碰撞预警；30002左车道偏移,280,221,0.442
95301812,0.2513089005235602,0.39790575916230364,0.5222513089005235,0.8507853403141361,0.6570680628272252,0.599476439790576,3.157808174118034,2.2166059044434085,2.7274642964831,7.238356952934404,5.1808612702502685,1.4374880074559362,21.95858460568515,78.04141539431485,60,2026-07-30,0.1998294351973217,0.9383333333333332,高,full,B,较低风险,每周反馈主要扣分项，保持常规管理,近端险情,30005车距过近；30000前碰撞预警；30002左车道偏移,163,338,0.676
95301813,0.7408376963350786,0.3717277486910995,0.524869109947644,0.7094240837696335,0.6570680628272252,0.725130890052356,27.442024615553308,1.9345412680573448,2.7548758257723205,5.032825306323839,5.1808612702502685,2.103259230832488,44.448387516789566,55.551612483210434,60,2026-07-30,0.771142597215235,0.9483333333333333,高,full,D,高风险,24小时内人工复核，进行专项培训和重点监控,事故与未遂历史,30005车距过近；30000前碰撞预警；30002左车道偏移,339,162,0.324
95301815,0.3743455497382199,0.031413612565445025,0.287303664921466,0.08638743455497382,0.6570680628272252,0.599476439790576,7.006729530440503,0.013815410761766398,0.8254339587730599,0.07462788848989885,5.1808612702502685,1.4374880074559362,14.538956066171433,85.46104393382856,60,2026-07-30,0.2748537707066905,0.6466666666666667,中,full,A,低风险,保持常规月度复盘，可纳入安全激励,事故与未遂历史,30005车距过近；30002左车道偏移；30003右车道偏移,76,425,0.85
95301850,0.5732984293193717,0.9528795811518325,0.8017015706806283,0.5968586387434555,0.6570680628272252,0.599476439790576,16.43355445300293,12.711712946465283,6.427254084317865,3.562402346426907,5.1808612702502685,1.4374880074559362,45.753273107919185,54.246726892080815,60,2026-07-30,0.5638851012847022,0.7616666666666666,中,full,D,高风险,24小时内人工复核，进行专项培训和重点监控,危险驾驶行为,30005车距过近；30000前碰撞预警；30002左车道偏移,350,151,0.302
95301868,0.306282722513089,0.17015706806282724,0.40903141361256545,0.7120418848167539,0.6570680628272252,0.599476439790576,4.690455305501494,0.4053479893643267,1.673066973218936,5.070036457333954,5.1808612702502685,1.4374880074559362,18.457256003124915,81.54274399687509,60,2026-07-30,0.23159929030458828,0.6333333333333333,中,full,B,较低风险,每周反馈主要扣分项，保持常规管理,事故与未遂历史,30005车距过近；30000前碰撞预警；30002左车道偏移,122,379,0.758
95301879,0.39528795811518325,0.18324607329842932,0.35274869109947643,0.9319371727748691,0.6570680628272252,0.599476439790576,7.812628491543543,0.4701077273101066,1.2443163907239383,8.685068939996162,5.1808612702502685,1.4374880074559362,24.830470827279957,75.16952917272005,60,2026-07-30,0.30059492604361526,0.9383333333333332,高,full,B,较低风险,每周反馈主要扣分项，保持常规管理,近端险情,30005车距过近；30000前碰撞预警；30003右车道偏移,194,307,0.614
95301904,0.06544502617801047,0.20680628272251309,0.1642670157068063,0.03664921465968586,0.6570680628272252,0.599476439790576,0.21415257257202377,0.5987637400290562,0.26983652449220147,0.01343164935171733,5.1808612702502685,1.4374880074559362,7.714533764151204,92.2854662358488,60,2026-07-30,0.11323250311113325,0.8250000000000001,高,full,A,低风险,保持常规月度复盘，可纳入安全激励,事故与未遂历史,41005抽烟；30002左车道偏移；30003右车道偏移,4,497,0.994
95301911,0.03664921465968586,0.24083769633507854,0.49083769633507857,0.4214659685863874,0.6570680628272252,0.599476439790576,0.06715824675858666,0.812039143663825,2.4092164414352677,1.7763356267646169,5.1808612702502685,1.4374880074559362,11.683098736328501,88.3169012636715,60,2026-07-30,0.08889638937710012,0.9349999999999999,高,full,A,低风险,保持常规月度复盘，可纳入安全激励,事故与未遂历史,30005车距过近；30000前碰撞预警；30002左车道偏移,47,454,0.908
95301935,0.8507853403141361,0.918848167539267,0.5628272251308901,0.5785340314136126,0.6675392670157068,0.7853403141361257,36.19178476467202,11.819947369863765,3.167744853485377,3.347016255036869,5.347304076094405,2.4670376360297146,62.34083495518215,37.65916504481785,60,2026-07-30,0.8752612055461536,0.9383333333333332,高,full,E,极高风险,立即人工核查，暂停高风险任务并制定整改计划,危险驾驶行为,30005车距过近；30000前碰撞预警；30002左车道偏移,426,75,0.15
95301991,0.5104712041884817,0.9502617801047121,0.47840314136125656,0.7277486910994765,0.6570680628272252,0.8664921465968587,13.029042515281928,12.641964310188866,2.2886956566431844,5.296181573970013,5.1808612702502685,3.003234560456128,41.43997988679039,58.56002011320961,60,2026-07-30,0.42915066390673584,0.7866666666666666,中,full,D,高风险,24小时内人工复核，进行专项培训和重点监控,危险驾驶行为,30005车距过近；30000前碰撞预警；30002左车道偏移,323,178,0.356
95301992,0.7905759162303665,0.7408376963350786,0.600130890052356,0.5602094240837696,0.6989528795811518,0.8455497382198953,31.25051396617417,7.683766892354926,3.6015708519503296,3.1383459883226883,5.862421534497409,2.859817439214934,54.39643667251446,45.60356332748554,60,2026-07-30,0.8150995169122328,0.9349999999999999,高,full,E,极高风险,立即人工核查，暂停高风险任务并制定整改计划,危险驾驶行为,30005车距过近；30000前碰撞预警；30002左车道偏移,388,113,0.226
95302009,0.6178010471204188,0.5340314136125655,0.27290575916230364,0.5445026178010471,0.6570680628272252,0.9345549738219895,19.083906691154297,3.9926537101504893,0.7447755338395328,2.9648310079219318,5.1808612702502685,3.493571996381678,35.46060020969819,64.53939979030181,60,2026-07-30,0.6435185699078997,0.94,高,full,D,高风险,24小时内人工复核，进行专项培训和重点监控,事故与未遂历史,30000前碰撞预警；30005车距过近；30003右车道偏移,295,206,0.412
95302015,0.6387434554973822,0.32460732984293195,0.34358638743455494,0.5706806282722513,0.6570680628272252,0.6649214659685864,20.399660097036815,1.4751788602286122,1.180516056303281,3.256763794852114,5.1808612702502685,1.7684822236232558,33.26146230229435,66.73853769770565,60,2026-07-30,0.6642154088723315,0.9366666666666665,高,full,C,中风险,安排针对性培训，两周后复评,事故与未遂历史,30005车距过近；30000前碰撞预警；30003右车道偏移,285,216,0.432
95302035,0.6465968586387435,0.7068062827225131,0.8350785340314136,0.2643979057591623,0.6570680628272252,0.6963350785340314,20.90437488007456,6.99405169814424,6.973561580000549,0.6990625256983085,5.1808612702502685,1.939530166387983,42.69144212055591,57.30855787944409,60,2026-07-30,0.6746879350610722,0.94,高,full,D,高风险,24小时内人工复核，进行专项培训和重点监控,危险驾驶行为,30005车距过近；30002左车道偏移；30003右车道偏移,329,172,0.344
95302041,0.1806282722513089,0.112565445026178,0.21400523560209422,0.8612565445026178,0.6570680628272252,0.7958115183246073,1.6313286368246485,0.17739371179518104,0.4579824086510786,7.417628354485897,5.1808612702502685,2.533263890792467,17.39845827279954,82.60154172720046,60,2026-07-30,0.16204154971736365,0.9383333333333332,高,full,B,较低风险,每周反馈主要扣分项，保持常规管理,近端险情,30005车距过近；30000前碰撞预警；30002左车道偏移,109,392,0.784
95302073,0.3481675392670157,0.1256544502617801,0.2912303664921466,0.7015706806282722,0.6570680628272252,0.6858638743455497,6.0610317699624465,0.22104657218826237,0.8481512636715004,4.922014199172171,5.1808612702502685,1.8816370165291523,19.1147420917738,80.88525790822621,60,2026-07-30,0.2571161703368822,0.9383333333333332,高,full,B,较低风险,每周反馈主要扣分项，保持常规管理,事故与未遂历史,30005车距过近；30000前碰撞预警；30002左车道偏移,131,370,0.74
95302079,0.7879581151832461,0.7486910994764397,0.6596858638743456,0.17015706806282724,0.756544502617801,0.9083769633507853,31.043899564156685,7.847537074093363,4.351854389956416,0.2895342781173762,6.868315013294591,3.300594830185576,53.70173514980401,46.29826485019599,60,2026-07-30,0.8127348901983268,0.9383333333333332,高,full,E,极高风险,立即人工核查，暂停高风险任务并制定整改计划,危险驾驶行为,30002左车道偏移；30003右车道偏移；30005车距过近,385,116,0.232
95302094,0.743455497382199,0.9790575916230366,0.5772251308900523,0.35340314136125656,0.6570680628272252,0.675392670157068,27.63630382939064,13.419752748005811,3.3318885173103805,1.2489378032400429,5.1808612702502685,1.8246210356075765,52.64236520380472,47.35763479619528,60,2026-07-30,0.7713932830459388,0.9349999999999999,高,full,E,极高风险,立即人工核查，暂停高风险任务并制定整改计划,危险驾驶行为,30005车距过近；30003右车道偏移；30002左车道偏移,377,124,0.248
95302118,0.28534031413612565,0.21204188481675393,0.3913612565445026,0.7382198952879581,0.6570680628272252,0.599476439790576,4.070954743565143,0.6294646528329815,1.5316363312409198,5.449686137989637,5.1808612702502685,1.4374880074559362,18.300091143334885,81.69990885666512,60,2026-07-30,0.21637169635835146,0.8916666666666666,高,full,B,较低风险,每周反馈主要扣分项，保持常规管理,近端险情,30005车距过近；30000前碰撞预警；30002左车道偏移,120,381,0.762
95302119,0.5418848167539267,0.08900523560209424,0.38416230366492143,0.06806282722513089,0.6570680628272252,0.599476439790576,14.681957731421837,0.11090704750418025,1.475806755571393,0.046325484498780184,5.1808612702502685,1.4374880074559362,22.933346296702396,77.0666537032976,60,2026-07-30,0.4765551373116567,0.9349999999999999,高,full,B,较低风险,每周反馈主要扣分项，保持常规管理,事故与未遂历史,30003右车道偏移；30002左车道偏移；30005车距过近,172,329,0.658
95302121,0.007853403141361256,0.06282722513089005,0.3717277486910995,0.02617801047120419,0.6570680628272252,0.599476439790576,0.0030837970450371425,0.055261643047065594,1.381815191469532,0.006852882322304761,5.1808612702502685,1.4374880074559362,8.065362791590145,91.93463720840985,60,2026-07-30,0.06947315883141401,0.7666666666666666,中,full,A,低风险,保持常规月度复盘，可纳入安全激励,事故与未遂历史,30002左车道偏移；30003右车道偏移；41005抽烟,7,494,0.988
95302139,0.6570680628272252,0.5680628272251309,0.5,0.35602094240837695,0.6570680628272252,0.7853403141361257,21.586921959376117,4.517735259450125,2.5,1.2675091143334885,5.1808612702502685,2.4670376360297146,37.52006523943972,62.47993476056028,60,2026-07-30,0.6830701215676043,0.9333333333333332,高,full,D,高风险,24小时内人工复核，进行专项培训和重点监控,事故与未遂历史,30000前碰撞预警；30005车距过近；30003右车道偏移,308,193,0.386
95302142,0.15968586387434555,0.31675392670157065,0.4136125654450261,0.6151832460732984,0.6570680628272252,0.599476439790576,1.274978756064801,1.4046627011320958,1.7107535429401601,3.7845042624928045,5.1808612702502685,1.4374880074559362,14.793248540336066,85.20675145966393,60,2026-07-30,0.15371752173812922,0.9383333333333332,高,full,A,低风险,保持常规月度复盘，可纳入安全激励,事故与未遂历史,30005车距过近；30000前碰撞预警；30002左车道偏移,78,423,0.846
95302144,0.07068062827225131,0.2486910994764398,0.12172774869109948,0.1544502617801047,0.6570680628272252,0.599476439790576,0.24978756064800858,0.8658616814232066,0.1481764480140347,0.23854883363942872,5.1808612702502685,1.4374880074559362,8.120723801430882,91.87927619856912,60,2026-07-30,0.11649069088133428,0.9316666666666665,高,full,A,低风险,保持常规月度复盘，可纳入安全激励,事故与未遂历史,30005车距过近；30002左车道偏移；30000前碰撞预警,9,492,0.984
95302159,0.08900523560209424,0.07329842931937172,0.23036649214659688,0.6204188481675392,0.6570680628272252,0.599476439790576,0.39609659822921517,0.07521723636961705,0.5306872070392809,3.849195471615361,5.1808612702502685,1.4374880074559362,11.469545790959678,88.53045420904033,60,2026-07-30,0.1263214399241744,0.9483333333333333,高,full,A,低风险,保持常规月度复盘，可纳入安全激励,事故与未遂历史,30005车距过近；30000前碰撞预警；30002左车道偏移,41,460,0.92
95302179,0.4895287958115183,0.14921465968586387,0.13481675392670156,0.11780104712041885,0.7094240837696335,0.599476439790576,11.98192209643376,0.3117102053123543,0.181755571393328,0.1387708670266714,6.039390367588608,1.4374880074559362,20.091037115210657,79.90896288478935,60,2026-07-30,0.4018754155366736,0.9516666666666665,高,full,B,较低风险,每周反馈主要扣分项，保持常规管理,事故与未遂历史,30005车距过近；30003右车道偏移；30002左车道偏移,148,353,0.706
95302186,0.08638743455497382,0.33507853403141363,0.45549738219895286,0.31413612565445026,0.6570680628272252,0.599476439790576,0.3731394424494942,1.5718867355609771,2.0747786519009894,0.9868150544118857,5.1808612702502685,1.4374880074559362,11.62496916202955,88.37503083797046,60,2026-07-30,0.126096502633369,0.9433333333333332,高,full,A,低风险,保持常规月度复盘，可纳入安全激励,事故与未遂历史,30005车距过近；30002左车道偏移；30003右车道偏移,44,457,0.914
95302219,0.1649214659685864,0.4162303664921466,0.4293193717277487,0.3900523560209424,0.6570680628272252,0.6884816753926701,1.35995449686138,2.4254680518626133,1.8431512294070886,1.5214084043748801,5.1808612702502685,1.8960280694059921,14.226871522162222,85.77312847783777,60,2026-07-30,0.15748877191358943,0.9349999999999999,高,full,A,低风险,保持常规月度复盘，可纳入安全激励,事故与未遂历史,30005车距过近；30002左车道偏移；30003右车道偏移,72,429,0.858
95302258,0.0549738219895288,0.2591623036649215,0.39528795811518325,0.5366492146596858,0.6570680628272252,0.599476439790576,0.15110605520682,0.9403113949727258,1.5625256983087086,2.8799237959485757,5.1808612702502685,1.4374880074559362,12.152216222143036,87.84778377785696,60,2026-07-30,0.10249975037176735,0.9349999999999999,高,full,A,低风险,保持常规月度复盘，可纳入安全激励,事故与未遂历史,30005车距过近；30000前碰撞预警；30002左车道偏移,49,452,0.904
95302261,0.2591623036649215,0.41361256544502617,0.40379581151832467,0.693717277486911,0.8167539267015707,0.599476439790576,3.358254982045449,2.3950549601162248,1.6305105739974237,4.812436610838519,8.005043721389216,1.4374880074559362,21.63878885584277,78.36121114415724,60,2026-07-30,0.20335571426145985,0.9366666666666665,高,full,B,较低风险,每周反馈主要扣分项，保持常规管理,事故与未遂历史,30005车距过近；30000前碰撞预警；30002左车道偏移,158,343,0.686
95302271,0.34554973821989526,0.4109947643979058,0.5242146596858639,0.56282722513089,0.6570680628272252,0.6701570680628273,5.970231079191907,2.3648337490748608,2.748010094295661,3.167744853485375,5.1808612702502685,1.7964419834982597,21.228123029796333,78.77187697020366,60,2026-07-30,0.25690909411681645,0.9349999999999999,高,full,B,较低风险,每周反馈主要扣分项，保持常规管理,事故与未遂历史,30005车距过近；30000前碰撞预警；30002左车道偏移,155,346,0.692
95302275,0.08115183246073299,0.43717277486910994,0.399869109947644,0.7225130890052356,0.6570680628272252,0.7068062827225131,0.3292809955867438,2.675680491214605,1.5989530509032102,5.220251637838875,5.1808612702502685,1.9983004851840687,17.003327930977772,82.99667206902222,60,2026-07-30,0.12148474851816367,0.9416666666666665,高,full,B,较低风险,每周反馈主要扣分项，保持常规管理,近端险情,30005车距过近；30000前碰撞预警；30002左车道偏移,99,402,0.804
95302307,0.3324607329842932,0.4031413612565445,0.2990837696335078,0.6361256544502618,0.6570680628272252,0.599476439790576,5.526506948822674,2.275321400180916,0.8945110125818917,4.046558482497739,5.1808612702502685,1.4374880074559362,19.361247121789425,80.63875287821057,60,2026-07-30,0.2502493388786414,0.9383333333333332,高,full,B,较低风险,每周反馈主要扣分项，保持常规管理,事故与未遂历史,30005车距过近；30000前碰撞预警；30002左车道偏移,134,367,0.734
95302328,0.5209424083769634,0.34293193717277487,0.42735602094240843,0.06282722513089005,0.6570680628272252,0.900523560209424,13.569049642279543,1.6464323894630082,1.8263316863572823,0.03947260217647543,5.1808612702502685,3.243770729969025,25.505918320495603,74.4940816795044,60,2026-07-30,0.4545131028346109,0.9383333333333332,高,full,C,中风险,安排针对性培训，两周后复评,事故与未遂历史,30005车距过近；30002左车道偏移；30003右车道偏移,226,275,0.55
95302347,0.028795811518324606,0.39267015706806285,0.4882198952879581,0.32722513089005234,0.6570680628272252,0.599476439790576,0.0414599380499438,2.158657931526,2.383586661549848,1.070762862860119,5.1808612702502685,1.4374880074559362,12.272816671692116,87.72718332830789,60,2026-07-30,0.08548343952731619,0.9383333333333332,高,full,A,低风险,保持常规月度复盘，可纳入安全激励,事故与未遂历史,30005车距过近；30002左车道偏移；30003右车道偏移,51,450,0.9
95302350,0.2198952879581152,0.4214659685863874,0.30562827225130895,0.9685863874345549,0.6570680628272252,0.599476439790576,2.41769688330912,2.486869877470464,0.9340864079932022,9.381595899235219,5.1808612702502685,1.4374880074559362,21.83859834571421,78.16140165428578,60,2026-07-30,0.17895932948760102,0.9383333333333332,高,full,B,较低风险,每周反馈主要扣分项，保持常规管理,近端险情,30005车距过近；30000前碰撞预警；30002左车道偏移,160,341,0.682
95302357,0.7774869109947644,0.7879581151832461,0.6891361256544503,0.3586387434554974,0.6570680628272252,0.8979057591623036,30.224294838409037,8.692291877963871,4.749085996820263,1.2862174830733808,5.1808612702502685,3.2249390093473314,53.357690475864146,46.642309524135854,60,2026-07-30,0.8036358081743233,0.9366666666666665,高,full,E,极高风险,立即人工核查，暂停高风险任务并制定整改计划,危险驾驶行为,30005车距过近；30002左车道偏移；30003右车道偏移,381,120,0.24
95302365,0.05235602094240838,0.08638743455497382,0.2683246073298429,0.9162303664921466,0.6570680628272252,0.8219895287958116,0.13705764644609522,0.10447904388585838,0.7199809489871439,8.394780844823334,5.1808612702502685,2.702667141799841,17.23982689619254,82.76017310380746,60,2026-07-30,0.09878319682834039,0.94,高,full,B,较低风险,每周反馈主要扣分项，保持常规管理,近端险情,30005车距过近；30000前碰撞预警；30002左车道偏移,105,396,0.792
95302380,0.0549738219895288,0.2198952879581152,0.3298429319371728,0.49214659685863876,0.6570680628272252,0.8350785340314136,0.15110605520682,0.6769551273265536,1.087963597489104,2.422082727995395,5.1808612702502685,2.7894246320002196,12.30839341026836,87.69160658973163,60,2026-07-30,0.09986389085286307,0.9366666666666665,高,full,A,低风险,保持常规月度复盘，可纳入安全激励,事故与未遂历史,30005车距过近；30000前碰撞预警；30002左车道偏移,52,449,0.898
95302390,0.8691099476439791,0.8429319371727748,0.6786649214659686,0.5209424083769634,0.6570680628272252,0.599476439790576,37.767605054686,9.947479509881855,4.605860756284093,2.7138099284559085,5.1808612702502685,1.4374880074559362,61.653104527014065,38.346895472985935,60,2026-07-30,0.8901837696332776,0.9333333333333333,高,full,E,极高风险,立即人工核查，暂停高风险任务并制定整改计划,危险驾驶行为,30005车距过近；30002左车道偏移；30000前碰撞预警,423,78,0.156
95302401,0.22774869109947643,0.23298429319371727,0.46400523560209417,0.8795811518324608,0.6570680628272252,0.599476439790576,2.593473314876237,0.7599435322496642,2.1530085866615494,7.736630026589184,5.1808612702502685,1.4374880074559362,19.86140473808284,80.13859526191716,60,2026-07-30,0.18443525338192918,0.9383333333333332,高,full,B,较低风险,每周反馈主要扣分项，保持常规管理,近端险情,30005车距过近；30000前碰撞预警；30002左车道偏移,146,355,0.71
95302405,0.041884816753926704,0.3507853403141361,0.3265706806282722,0.20680628272251309,0.6570680628272252,0.7277486910994765,0.08771689372550096,1.7227049697102599,1.0664840944601297,0.4276883857350401,5.1808612702502685,2.118472629588005,10.603928243469205,89.3960717565308,60,2026-07-30,0.09502339807379777,0.885,高,full,A,低风险,保持常规月度复盘，可纳入安全激励,事故与未遂历史,30000前碰撞预警；30005车距过近；30002左车道偏移,34,467,0.934
95302413,0.22774869109947643,0.36910994764397903,0.3180628272251309,0.9162303664921466,0.6570680628272252,0.599476439790576,2.593473314876237,1.9073901482963733,1.0116396206244347,8.394780844823334,5.1808612702502685,1.4374880074559362,20.525633206326585,79.47436679367341,60,2026-07-30,0.18532514694656155,0.9383333333333332,高,full,B,较低风险,每周反馈主要扣分项，保持常规管理,近端险情,30005车距过近；30000前碰撞预警；30002左车道偏移,150,351,0.702
95302422,0.38219895287958117,0.6989528795811518,0.443717277486911,0.36387434554973824,0.6570680628272252,0.599476439790576,7.303801979112415,6.839491790246977,1.9688502234039635,1.3240453934925032,5.1808612702502685,1.4374880074559362,24.054538663962067,75.94546133603794,60,2026-07-30,0.2883992633900614,0.7416666666666666,中,full,B,较低风险,每周反馈主要扣分项，保持常规管理,危险驾驶行为,30005车距过近；30002左车道偏移；30003右车道偏移,185,316,0.632
95302432,0.02356020942408377,0.08115183246073299,0.3579842931937173,0.28272251308900526,0.6570680628272252,0.599476439790576,0.027754173405334287,0.09219867876428826,1.2815275417340533,0.7993201940736274,5.1808612702502685,1.4374880074559362,8.819149865683508,91.18085013431649,60,2026-07-30,0.08358918540471147,0.9383333333333332,高,full,A,低风险,保持常规月度复盘，可纳入安全激励,事故与未遂历史,30005车距过近；30000前碰撞预警；30002左车道偏移,15,486,0.972
95302436,0.2931937172774869,0.05759162303664921,0.1793193717277487,0.02617801047120419,0.6570680628272252,0.675392670157068,4.298127792549546,0.046435130615937056,0.3215543707683452,0.006852882322304761,5.1808612702502685,1.8246210356075765,11.678452482113977,88.32154751788602,60,2026-07-30,0.2240975962146869,0.9349999999999999,高,full,A,低风险,保持常规月度复盘，可纳入安全激励,事故与未遂历史,41005抽烟；41002打哈欠；41021摄像头角度扭转,46,455,0.91
95302450,0.17539267015706805,0.09162303664921466,0.4083769633507853,0.2670157068062827,0.6570680628272252,0.6910994764397905,1.5381294372413035,0.11752693182752665,1.6677174419560867,0.7129738768125873,5.1808612702502685,1.9104739453414104,11.127682903429182,88.87231709657081,60,2026-07-30,0.16151334255158903,0.9366666666666665,高,full,A,低风险,保持常规月度复盘，可纳入安全激励,事故与未遂历史,30005车距过近；30002左车道偏移；30000前碰撞预警,38,463,0.926
95302451,0.837696335078534,0.8036649214659686,0.6145287958115183,0.43455497382198954,0.675392670157068,0.599476439790576,35.08675749020038,9.042282283928621,3.7764564088155477,1.8883802527343003,5.47386310682273,1.4374880074559362,56.705227549957506,43.294772450042494,60,2026-07-30,0.8591970992376652,0.9383333333333332,高,full,E,极高风险,立即人工核查，暂停高风险任务并制定整改计划,危险驾驶行为,30000前碰撞预警；30005车距过近；30002左车道偏移,399,102,0.204
95302463,0.45549738219895286,0.20418848167539266,0.3036649214659686,0.9397905759162304,0.6570680628272252,0.599476439790576,10.373893259504948,0.5837011046846303,0.9221238452893287,8.8320632658096,5.1808612702502685,1.4374880074559362,27.330130752994712,72.6698692470053,60,2026-07-30,0.36391534378503587,0.94,高,full,C,中风险,安排针对性培训，两周后复评,近端险情,30005车距过近；30000前碰撞预警；30002左车道偏移,239,262,0.524
95302464,0.0968586387434555,0.31413612565445026,0.28992146596858637,0.3717277486910995,0.6570680628272252,0.6963350785340314,0.46907979496176094,1.3815410761766398,0.8405445642937419,1.381815191469532,5.1808612702502685,1.939530166387983,11.193372063539925,88.80662793646007,60,2026-07-30,0.13092920430176283,0.9383333333333332,高,full,A,低风险,保持常规月度复盘，可纳入安全激励,事故与未遂历史,30005车距过近；30000前碰撞预警；30002左车道偏移,39,462,0.924
95302470,0.23036649214659685,0.387434554973822,0.4430628272251309,0.049738219895287955,0.6570680628272252,0.599476439790576,2.6534360351964033,2.101477481428689,1.963046688687262,0.024738905183520187,5.1808612702502685,1.4374880074559362,13.361048388202079,86.63895161179792,60,2026-07-30,0.18764422150257767,0.9383333333333332,高,full,A,低风险,保持常规月度复盘，可纳入安全激励,事故与未遂历史,30002左车道偏移；30003右车道偏移；30005车距过近,62,439,0.878
95302477,0.725130890052356,0.32722513089005234,0.4941099476439791,0.6675392670157068,0.6570680628272252,0.599476439790576,26.290740385406096,1.4990680080041665,2.4414464036073573,4.45608673007867,5.1808612702502685,1.4374880074559362,41.305690804802495,58.694309195197505,60,2026-07-30,0.7603452292010918,0.9383333333333332,高,full,D,高风险,24小时内人工复核，进行专项培训和重点监控,事故与未遂历史,30005车距过近；30000前碰撞预警；30002左车道偏移,322,179,0.358
95302482,0.24345549738219896,0.19895287958115182,0.5333769633507854,0.6963350785340314,0.6570680628272252,0.6465968586387435,2.9635289602806942,0.5541514761108521,2.844909850333051,4.848825415969957,5.1808612702502685,1.6723499904059649,18.064626963350786,81.93537303664921,60,2026-07-30,0.19683515433553272,0.9349999999999999,高,full,B,较低风险,每周反馈主要扣分项，保持常规管理,事故与未遂历史,30005车距过近；30000前碰撞预警；30002左车道偏移,115,386,0.772
95302483,0.112565445026178,0.3219895287958115,0.5157068062827226,0.5104712041884817,0.6570680628272252,0.599476439790576,0.6335489706970752,1.451481593158082,2.6595351004632555,2.6058085030563856,5.1808612702502685,1.4374880074559362,13.968723445081004,86.031276554919,60,2026-07-30,0.14163542715350178,0.9383333333333332,高,full,A,低风险,保持常规月度复盘，可纳入安全激励,事故与未遂历史,30005车距过近；30000前碰撞预警；30002左车道偏移,69,432,0.864
95302484,0.20680628272251309,0.24607329842931938,0.4214659685863874,0.93717277486911,0.9738219895287958,0.599476439790576,2.1384419286752006,0.8477289547983882,1.7763356267646169,8.782928099558676,11.379951207477866,1.4374880074559362,26.362873824730684,73.63712617526932,60,2026-07-30,0.16935110772893075,0.9383333333333332,高,full,C,中风险,安排针对性培训，两周后复评,事故与未遂历史,30005车距过近；30000前碰撞预警；30002左车道偏移,231,270,0.54
95302487,0.4083769633507853,0.2931937172774869,0.21596858638743457,0.031413612565445025,0.6570680628272252,0.599476439790576,8.338587209780433,1.2034757819138728,0.4664243030618679,0.009868150544118857,5.1808612702502685,1.4374880074559362,16.636704723006495,83.36329527699351,60,2026-07-30,0.31072574837101896,0.8716666666666666,高,full,B,较低风险,每周反馈主要扣分项，保持常规管理,事故与未遂历史,30002左车道偏移；30003右车道偏移；30017长时间压线,96,405,0.81
95302508,0.32460732984293195,0.049738219895287955,0.21335078534031413,0.19109947643979058,0.6570680628272252,0.599476439790576,5.268495929387901,0.03463446725692826,0.45518557605328797,0.3651900989556207,5.1808612702502685,1.4374880074559362,12.741855349359941,87.25814465064006,60,2026-07-30,0.2433702086093876,0.9383333333333332,高,full,A,低风险,保持常规月度复盘，可纳入安全激励,事故与未遂历史,30005车距过近；30000前碰撞预警；41002打哈欠,55,446,0.892
95302516,0.21204188481675393,0.23298429319371727,0.5268324607329843,0.6465968586387435,0.6570680628272252,0.599476439790576,2.248088045832077,0.7599435322496642,2.775524416819714,4.180874976014913,5.1808612702502685,1.4374880074559362,16.582780248622573,83.41721975137743,60,2026-07-30,0.17750238235239993,0.9383333333333332,高,full,B,较低风险,每周反馈主要扣分项，保持常规管理,事故与未遂历史,30005车距过近；30002左车道偏移；30003右车道偏移,95,406,0.812
95302524,0.14136125654450263,0.10471204188481675,0.4057591623036649,0.743455497382199,0.6570680628272252,0.599476439790576,0.9991502425920343,0.15350456401962664,1.6464049779337186,5.527260765878128,5.1808612702502685,1.4374880074559362,14.944669828129712,85.05533017187028,60,2026-07-30,0.14817341628624608,0.94,高,full,A,低风险,保持常规月度复盘，可纳入安全激励,近端险情,30005车距过近；30000前碰撞预警；30002左车道偏移,81,420,0.84
95302577,0.5157068062827225,0.34293193717277487,0.46007853403141363,0.9424083769633508,0.6570680628272252,0.6570680628272252,13.297675502316272,1.6464323894630082,2.116722574764946,8.88133548970697,5.1808612702502685,1.7269537567500894,32.849980983251555,67.15001901674844,60,2026-07-30,0.43326308735175617,0.94,高,full,C,中风险,安排针对性培训，两周后复评,近端险情,30005车距过近；30000前碰撞预警；30002左车道偏移,281,220,0.44
95302584,0.3900523560209424,0.5078534031413613,0.41688481675392675,0.9659685863874345,0.6570680628272252,0.599476439790576,7.607042021874401,3.6108111071516684,1.7379295043995509,9.330953098873385,5.1808612702502685,1.4374880074559362,28.905085010005212,71.09491498999479,60,2026-07-30,0.29643094467870135,0.9383333333333332,高,full,C,中风险,安排针对性培训，两周后复评,近端险情,30005车距过近；30000前碰撞预警；30002左车道偏移,250,251,0.502
95302599,0.3612565445026178,0.17801047120418848,0.18128272251308902,0.11518324607329843,0.6570680628272252,0.8115183246073299,6.525314547298594,0.443628190016721,0.32863425481757635,0.13267180175982018,5.1808612702502685,2.6342479646939503,15.24535802883693,84.75464197116307,60,2026-07-30,0.2688087415327987,0.9483333333333333,高,full,B,较低风险,每周反馈主要扣分项，保持常规管理,事故与未遂历史,30005车距过近；30000前碰撞预警；41029困倦,84,417,0.834
95302616,0.3507853403141361,0.3036649214659686,0.049738219895287955,0.16230366492146597,0.6570680628272252,0.599476439790576,6.152517748965214,1.29097338340506,0.024738905183520187,0.26342479646939504,5.1808612702502685,1.4374880074559362,14.350004111729394,85.64999588827061,60,2026-07-30,0.2576225669980037,0.7616666666666666,中,full,A,低风险,保持常规月度复盘，可纳入安全激励,事故与未遂历史,30000前碰撞预警；30005车距过近；41009频繁低头,75,426,0.852
95302626,0.36910994764397903,0.07068062827225131,0.337696335078534,0.7931937172774869,0.8272251308900523,0.599476439790576,6.8121076724870475,0.06994051698144241,1.1403881472547353,6.2915627312847775,8.211617006112771,1.4374880074559362,23.96310408157671,76.03689591842328,60,2026-07-30,0.2701043048543096,0.9349999999999999,高,full,B,较低风险,每周反馈主要扣分项，保持常规管理,事故与未遂历史,30005车距过近；30000前碰撞预警；30002左车道偏移,183,318,0.636
95302640,0.5052356020942408,0.0968586387434555,0.32460732984293195,0.6832460732984293,0.6570680628272252,0.824607329842932,12.7631506811765,0.13134234258929306,1.0536991858775802,4.668251966777227,5.1808612702502685,2.71990899372276,26.51721444039363,73.48278555960637,60,2026-07-30,0.4237419996322835,0.9349999999999999,高,full,C,中风险,安排针对性培训，两周后复评,事故与未遂历史,30005车距过近；30000前碰撞预警；30002左车道偏移,232,269,0.538
95302648,0.774869109947644,0.034031413612565446,0.24149214659685864,0.9109947643979057,0.6570680628272252,0.599476439790576,30.0211068775527,0.016213919574573066,0.5831845686795866,8.299114607603958,5.1808612702502685,1.4374880074559362,45.53796925111702,54.46203074888298,60,2026-07-30,0.802902754093123,0.97,高,full,D,高风险,24小时内人工复核，进行专项培训和重点监控,近端险情,30005车距过近；30000前碰撞预警；30002左车道偏移,346,155,0.31
95302652,0.41361256544502617,0.36910994764397903,0.6393979057591623,0.9581151832460733,0.6570680628272252,0.599476439790576,8.553767714700802,1.9073901482963733,4.088296818892027,9.179847043666566,5.1808612702502685,1.4374880074559362,30.347651003261973,69.65234899673803,60,2026-07-30,0.31730206596017646,0.94,高,full,C,中风险,安排针对性培训，两周后复评,近端险情,30005车距过近；30000前碰撞预警；30002左车道偏移,263,238,0.476
95302654,0.34293193717277487,0.4083769633507853,0.6721204188481675,0.9869109947643979,0.6570680628272252,0.599476439790576,5.880115676653601,2.3348044187385213,4.517458574326362,9.739933115868535,5.1808612702502685,1.4374880074559362,29.090661063293222,70.90933893670677,60,2026-07-30,0.25518126355323867,0.9349999999999999,高,full,C,中风险,安排针对性培训，两周后复评,近端险情,30005车距过近；30000前碰撞预警；30002左车道偏移,252,249,0.498
95302662,0.518324607329843,0.49476439790575916,0.56282722513089,0.9947643979057592,0.6570680628272252,0.599476439790576,13.433019928181796,3.4270853320906776,3.167744853485375,9.895562073408076,5.1808612702502685,1.4374880074559362,36.541761464872124,63.458238535127876,60,2026-07-30,0.4380748374809031,0.9383333333333332,高,full,D,高风险,24小时内人工复核，进行专项培训和重点监控,近端险情,30005车距过近；30000前碰撞预警；30002左车道偏移,303,198,0.396
95302698,0.4031413612565445,0.0549738219895288,0.2107329842931937,0.08115183246073299,0.6570680628272252,0.599476439790576,8.126147857788986,0.0423096954579096,0.4440839066911542,0.06585619911734876,5.1808612702502685,1.4374880074559362,15.296746936761604,84.70325306323839,60,2026-07-30,0.3036583469156567,0.9383333333333334,高,full,B,较低风险,每周反馈主要扣分项，保持常规管理,事故与未遂历史,30005车距过近；30000前碰撞预警；41002打哈欠,85,416,0.832
95302719,0.002617801047120419,0.13612565445026178,0.08573298429319372,0.31151832460732987,0.6570680628272252,0.8612565445026178,0.0003426441161152381,0.25942271319316906,0.07350144595817001,0.9704366656615775,5.1808612702502685,2.9670513417943587,9.451616080973658,90.54838391902635,60,2026-07-30,0.050516194303181994,0.9383333333333332,高,full,A,低风险,保持常规月度复盘，可纳入安全激励,事故与未遂历史,30005车距过近；30000前碰撞预警；30002左车道偏移,23,478,0.956
95302720,0.7774869109947644,0.7722513089005235,0.7290575916230367,0.041884816753926704,0.7617801047120419,0.599476439790576,30.224294838409037,8.349209177380004,5.315249719031826,0.01754337874510019,6.963707135221075,1.4374880074559362,52.30749225624297,47.69250774375703,60,2026-07-30,0.803890326865158,0.94,高,full,E,极高风险,立即人工核查，暂停高风险任务并制定整改计划,危险驾驶行为,30002左车道偏移；30003右车道偏移；30017长时间压线,375,126,0.252
95302730,0.4005235602094241,0.34554973821989526,0.36583769633507857,0.7905759162303665,0.6570680628272252,0.599476439790576,8.020956114141608,1.671664702173734,1.3383722005975716,6.250102793234834,5.1808612702502685,1.4374880074559362,23.89944508785395,76.10055491214605,60,2026-07-30,0.3017715111438842,0.94,高,full,B,较低风险,每周反馈主要扣分项，保持常规管理,近端险情,30005车距过近；30000前碰撞预警；30002左车道偏移,182,319,0.638
95302741,0.7984293193717278,0.36910994764397903,0.3540575916230366,0.6335078534031413,0.6570680628272252,0.599476439790576,31.874468901620023,1.9073901482963733,1.2535677818590498,4.01332200323456,5.1808612702502685,1.4374880074559362,45.667098112716204,54.332901887283796,60,2026-07-30,0.8281307586596511,0.9216666666666665,高,full,D,高风险,24小时内人工复核，进行专项培训和重点监控,事故与未遂历史,30005车距过近；30000前碰撞预警；30003右车道偏移,347,154,0.308
95302742,0.4293193717277487,0.060209424083769635,0.25392670157068065,0.03664921465968586,0.6570680628272252,0.599476439790576,9.215756147035444,0.05075244647898906,0.644787697705655,0.01343164935171733,5.1808612702502685,1.4374880074559362,16.54307721827801,83.45692278172199,60,2026-07-30,0.3362074618479959,0.9333333333333332,高,full,B,较低风险,每周反馈主要扣分项，保持常规管理,事故与未遂历史,30002左车道偏移；30017长时间压线；30003右车道偏移,94,407,0.814
95302746,0.35340314136125656,0.1099476439790576,0.606020942408377,0.9633507853403142,0.8769633507853403,0.599476439790576,6.244689016200215,0.1692387818316384,3.6726138263753736,9.280447356158,9.228776623447821,1.4374880074559362,30.033253611468982,69.96674638853102,60,2026-07-30,0.2623146238868237,0.9383333333333332,高,full,C,中风险,安排针对性培训，两周后复评,近端险情,30005车距过近；30000前碰撞预警；30002左车道偏移,258,243,0.486
95302753,0.40575916230366493,0.24345549738219896,0.506544502617801,0.5078534031413613,0.8612565445026178,0.599476439790576,8.232024889668594,0.8297881088785943,2.5658733313231545,2.57915079082262,8.901154025383075,1.4374880074559362,24.545479153531975,75.45452084646803,60,2026-07-30,0.305712257541927,0.9383333333333332,高,full,B,较低风险,每周反馈主要扣分项，保持常规管理,事故与未遂历史,30005车距过近；30000前碰撞预警；30002左车道偏移,190,311,0.622
95302759,0.06806282722513089,0.13350785340314136,0.3390052356020942,0.0968586387434555,0.6570680628272252,0.599476439790576,0.23162742249390095,0.24954085688440558,1.149245497656314,0.09381595899235219,5.1808612702502685,1.4374880074559362,8.342579013733177,91.65742098626683,60,2026-07-30,0.11468743491567791,0.94,高,full,A,低风险,保持常规月度复盘，可纳入安全激励,事故与未遂历史,30000前碰撞预警；30002左车道偏移；30005车距过近,11,490,0.98
95302762,0.2670157068062827,0.16753926701570682,0.4456806282722513,0.2905759162303665,0.6570680628272252,0.599476439790576,3.564869384062937,0.3929716838902443,1.9863122241714866,0.8443436309311697,5.1808612702502685,1.4374880074559362,13.406846200762043,86.59315379923795,60,2026-07-30,0.20444961020653815,0.9349999999999999,高,full,A,低风险,保持常规月度复盘，可纳入安全激励,事故与未遂历史,30005车距过近；30003右车道偏移；30002左车道偏移,63,438,0.876
95302767,0.36387434554973824,0.5209424083769634,0.7251308900523561,0.9921465968586387,0.6570680628272252,0.599476439790576,6.620226967462515,3.799333899838272,5.258148077081222,9.843548696581783,5.1808612702502685,1.4374880074559362,32.13960691867,67.86039308133,60,2026-07-30,0.26948858304325723,0.9366666666666665,高,full,C,中风险,安排针对性培训，两周后复评,近端险情,30005车距过近；30000前碰撞预警；30002左车道偏移,276,225,0.45
95302771,0.3298429319371728,0.36387434554973824,0.24541884816753928,0.8979057591623036,0.6570680628272252,0.599476439790576,5.43981798744552,1.8536635508895043,0.6023041103588169,8.062347523368329,5.1808612702502685,1.4374880074559362,22.576482449768374,77.42351755023162,60,2026-07-30,0.24980016752616738,0.94,高,full,B,较低风险,每周反馈主要扣分项，保持常规管理,近端险情,30005车距过近；30000前碰撞预警；30003右车道偏移,169,332,0.664
95302777,0.10471204188481675,0.21465968586387435,0.3285340314136126,0.9450261780104712,0.7277486910994765,0.6858638743455497,0.5482305857843809,0.645102930292481,1.0793460979688059,8.930744771250787,6.3554178887640145,1.8816370165291523,19.440479290589618,80.55952070941038,60,2026-07-30,0.1337850714649407,0.9349999999999999,高,full,B,较低风险,每周反馈主要扣分项，保持常规管理,近端险情,30005车距过近；30000前碰撞预警；30002左车道偏移,137,364,0.728
95302801,0.08115183246073299,0.18848167539267016,0.38743455497382195,0.3219895287958115,0.6570680628272252,0.599476439790576,0.3292809955867438,0.4973547874235904,1.5010553438776348,1.036772566541487,5.1808612702502685,1.4374880074559362,9.982812971135662,90.01718702886434,60,2026-07-30,0.12411533709190586,0.9383333333333332,高,full,A,低风险,保持常规月度复盘，可纳入安全激励,事故与未遂历史,30005车距过近；30002左车道偏移；30003右车道偏移,26,475,0.95
95302811,0.3403141361256545,0.46335078534031415,0.6963350785340314,0.887434554973822,0.6570680628272252,0.599476439790576,5.790685562347524,3.0057153038568023,4.848825415969957,7.875400893615854,5.1808612702502685,1.4374880074559362,28.138976453496344,71.86102354650366,60,2026-07-30,0.2546937756258669,0.9383333333333332,高,full,C,中风险,安排针对性培训，两周后复评,近端险情,30005车距过近；30000前碰撞预警；30002左车道偏移,244,257,0.514
95302813,0.02617801047120419,0.10209424083769633,0.3069371727748691,0.5052356020942408,0.7670157068062827,0.599476439790576,0.034264411611523805,0.14592527617115758,0.9421042803102985,2.5526301362353,7.059757133850497,1.4374880074559362,12.172169245634713,87.8278307543653,60,2026-07-30,0.08500854760920748,0.94,高,full,A,低风险,保持常规月度复盘，可纳入安全激励,事故与未遂历史,30005车距过近；30000前碰撞预警；30002左车道偏移,50,451,0.902
95302816,0.28272251308900526,0.5392670157068062,0.47774869109947643,0.9057591623036649,0.6570680628272252,0.599476439790576,3.9966009703681373,4.071324799210547,2.2824381184726295,8.203996600970369,5.1808612702502685,1.4374880074559362,25.172709766727888,74.82729023327211,60,2026-07-30,0.21514981517004156,0.9383333333333332,高,full,C,中风险,安排针对性培训，两周后复评,近端险情,30005车距过近；30000前碰撞预警；30003右车道偏移,222,279,0.558
95302831,0.7303664921465969,0.7513089005235603,0.8979057591623038,0.7591623036649214,0.8429319371727748,0.7696335078534031,26.671760642526248,7.9025108960828945,8.06234752336833,5.7632740330583045,8.526411008470161,2.3693429456429373,59.29564704914887,40.70435295085113,60,2026-07-30,0.7638748645325413,0.7966666666666666,中,full,E,极高风险,立即人工核查，暂停高风险任务并制定整改计划,事故与未遂历史,30005车距过近；30000前碰撞预警；30002左车道偏移,410,91,0.182
95302836,0.8900523560209425,0.6570680628272252,0.6446335078534031,0.824607329842932,0.6570680628272252,0.599476439790576,39.60965982292153,6.044338148625313,4.155523594473836,6.799772484306899,5.1808612702502685,1.4374880074559362,63.22764332803378,36.77235667196622,60,2026-07-30,0.8996533810141718,0.9349999999999999,高,full,E,极高风险,立即人工核查，暂停高风险任务并制定整改计划,近端险情,30005车距过近；30000前碰撞预警；30002左车道偏移,431,70,0.14
95302837,0.16230366492146597,0.09424083769633508,0.1943717277486911,0.36910994764397903,0.6570680628272252,0.693717277486911,1.3171239823469751,0.1243386968558976,0.377803685480113,1.3624215344974093,5.1808612702502685,1.9249746443354077,10.287523813766072,89.71247618623393,60,2026-07-30,0.15542179572809262,0.9383333333333332,高,full,A,低风险,保持常规月度复盘，可纳入安全激励,事故与未遂历史,30005车距过近；30000前碰撞预警；30002左车道偏移,31,470,0.94
95302850,0.29842931937172773,0.3324607329842932,0.4273560209424084,0.7329842931937173,0.6570680628272252,0.599476439790576,4.453002933033633,1.5474219456703489,1.8263316863572818,5.372659740686933,5.1808612702502685,1.4374880074559362,19.817765583454403,80.1822344165456,60,2026-07-30,0.22978691567504683,0.94,高,full,B,较低风险,每周反馈主要扣分项，保持常规管理,近端险情,30005车距过近；30000前碰撞预警；30002左车道偏移,145,356,0.712
95302874,0.28534031413612565,0.4869109947643979,0.637434554973822,0.6780104712041884,0.6570680628272252,0.599476439790576,4.070954743565143,3.3191524355143773,4.0632281187467445,4.596981990625256,5.1808612702502685,1.4374880074559362,22.668666566157725,77.33133343384227,60,2026-07-30,0.21626389589948689,0.9366666666666665,高,full,B,较低风险,每周反馈主要扣分项，保持常规管理,事故与未遂历史,30005车距过近；30000前碰撞预警；30002左车道偏移,170,331,0.662
95302877,0.3612565445026178,0.14921465968586387,0.2663612565445026,0.6335078534031413,0.6570680628272252,0.599476439790576,6.525314547298594,0.3117102053123543,0.7094831898796633,4.01332200323456,5.1808612702502685,1.4374880074559362,18.178179223431375,81.82182077656863,60,2026-07-30,0.269398935710917,0.9349999999999999,高,full,B,较低风险,每周反馈主要扣分项，保持常规管理,事故与未遂历史,30005车距过近；30000前碰撞预警；30002左车道偏移,118,383,0.766
95302886,0.005235602094240838,0.45549738219895286,0.3599476439790576,0.1099476439790576,0.6570680628272252,0.599476439790576,0.0013705764644609524,2.904690112661385,1.2956230640607442,0.120884844165456,5.1808612702502685,1.4374880074559362,10.94091787505825,89.05908212494175,60,2026-07-30,0.06229263025908778,0.94,高,full,A,低风险,保持常规月度复盘，可纳入安全激励,事故与未遂历史,30005车距过近；30000前碰撞预警；30002左车道偏移,35,466,0.932
95302903,0.13089005235602094,0.44502617801047123,0.4653141361256544,0.7617801047120419,0.6570680628272252,0.599476439790576,0.8566102902880951,2.7726761876045067,2.1651724527836405,5.803089279350896,5.1808612702502685,1.4374880074559362,18.215897487733343,81.78410251226666,60,2026-07-30,0.1450471801395315,0.94,高,full,B,较低风险,每周反馈主要扣分项，保持常规管理,近端险情,30005车距过近；30000前碰撞预警；30002左车道偏移,119,382,0.764
95302933,0.5445026178010471,0.2774869109947644,0.3507853403141361,0.1806282722513089,0.6570680628272252,0.599476439790576,14.82415503960966,1.0779858008278282,1.2305035497930428,0.3262657273649297,5.1808612702502685,1.4374880074559362,24.077259395301667,75.92274060469833,60,2026-07-30,0.4785033587787475,0.9366666666666665,高,full,B,较低风险,每周反馈主要扣分项，保持常规管理,事故与未遂历史,30005车距过近；30002左车道偏移；30003右车道偏移,186,315,0.63
95302943,0.5471204188481675,1.0,0.9705497382198953,1.0,0.6570680628272252,0.9921465968586387,14.967037636029715,14.0,9.419667943587074,10.0,5.1808612702502685,3.937419478632713,57.50498632849977,42.49501367150023,60,2026-07-30,0.484414538734594,0.6466666666666666,中,full,E,极高风险,立即人工核查，暂停高风险任务并制定整改计划,危险驾驶行为,30005车距过近；30000前碰撞预警；41006摄像头遮挡,403,98,0.196
95302965,0.4869109947643979,0.18586387434554974,0.5340314136125655,0.6387434554973822,0.6570680628272252,0.599476439790576,11.854115841122777,0.4836353170143362,2.851895507250349,4.079932019407363,5.1808612702502685,1.4374880074559362,25.88792796250103,74.11207203749896,60,2026-07-30,0.3948234197563142,0.9383333333333332,高,full,C,中风险,安排针对性培训，两周后复评,事故与未遂历史,30005车距过近；30000前碰撞预警；30002左车道偏移,229,272,0.544
95302986,0.22774869109947643,0.468586387434555,0.787303664921466,0.42670157068062825,0.6570680628272252,0.9136125654450262,2.593473314876237,3.0740248348455363,6.198470607987719,1.8207423042131519,5.1808612702502685,3.3387516789561693,22.20632401112908,77.79367598887092,60,2026-07-30,0.1834348699776603,0.9349999999999999,高,full,B,较低风险,每周反馈主要扣分项，保持常规管理,车辆控制稳定性,30005车距过近；30002左车道偏移；30000前碰撞预警,165,336,0.672
95302991,0.33507853403141363,0.22774869109947643,0.31348167539267013,0.8691099476439791,0.6570680628272252,0.599476439790576,5.613881198432061,0.7261725281653463,0.9827076080699542,7.553521010937201,5.1808612702502685,1.4374880074559362,21.494631623310767,78.50536837668923,60,2026-07-30,0.25076584514473826,0.94,高,full,B,较低风险,每周反馈主要扣分项，保持常规管理,近端险情,30005车距过近；30000前碰撞预警；30003右车道偏移,157,344,0.688
95303016,0.1387434554973822,0.21727748691099477,0.3776178010471204,0.9712041884816754,0.6570680628272252,0.599476439790576,0.9624873221677038,0.660933088457005,1.4259520366766258,9.432375757243497,5.1808612702502685,1.4374880074559362,19.100097482251037,80.89990251774896,60,2026-07-30,0.1464317488052024,0.94,高,full,B,较低风险,每周反馈主要扣分项，保持常规管理,近端险情,30005车距过近；30000前碰撞预警；30003右车道偏移,130,371,0.742
95303021,0.29581151832460734,0.38219895287958117,0.46793193717277487,0.725130890052356,0.9240837696335078,0.599476439790576,4.375222718675475,2.0450645541514763,2.1896029782626574,5.25814807708122,10.247169759600887,1.4374880074559362,25.55269609522765,74.44730390477235,60,2026-07-30,0.22755577598854723,0.9383333333333332,高,full,C,中风险,安排针对性培训，两周后复评,事故与未遂历史,30005车距过近；30000前碰撞预警；30002左车道偏移,228,273,0.546
95303026,0.5,0.5,0.5,0.5,0.5,0.5,12.5,3.5,2.5,2.5,3.0,1.0,25.0,75.0,60,2026-07-30,0.31151832460732987,0.0,低,prior_no_observed_behavior,U,证据不足,检查事件源、轨迹和IMU设备；补齐数据前暂缓奖惩,危险驾驶行为,无明显行为事件,198,282,0.585
95303055,0.1099476439790576,0.07591623036649214,0.3887434554973822,0.7382198952879581,0.824607329842932,0.887434554973822,0.60442422082728,0.08068583646281625,1.511214741920452,5.449686137989637,8.15972698116828,3.1501603574463415,18.955898275814807,81.0441017241852,60,2026-07-30,0.13674681834713737,0.945,高,full,B,较低风险,每周反馈主要扣分项，保持常规管理,事故与未遂历史,30005车距过近；30000前碰撞预警；30002左车道偏移,128,373,0.746
95303095,0.9083769633507853,0.8115183246073299,0.743455497382199,0.9450261780104712,0.6570680628272252,0.599476439790576,41.2574353773197,9.219867876428825,5.527260765878128,8.930744771250787,5.1808612702502685,1.4374880074559362,71.55365806858366,28.44634193141634,60,2026-07-30,0.9186553250527386,0.9383333333333332,高,full,E,极高风险,立即人工核查，暂停高风险任务并制定整改计划,危险驾驶行为,30005车距过近；30000前碰撞预警；30002左车道偏移,460,41,0.082
95303101,0.034031413612565446,0.3298429319371728,0.26636125654450266,0.14659685863874344,0.6570680628272252,0.599476439790576,0.05790685562347524,1.5231490364847455,0.7094831898796636,0.21490638962747727,5.1808612702502685,1.4374880074559362,9.123794749321567,90.87620525067844,60,2026-07-30,0.08861184087258259,0.94,高,full,A,低风险,保持常规月度复盘，可纳入安全激励,事故与未遂历史,30005车距过近；41005抽烟；30002左车道偏移,18,483,0.966
95303127,0.40575916230366493,0.2774869109947644,0.44044502617801046,0.6701570680628273,0.6570680628272252,0.7905759162303665,8.232024889668594,1.0779858008278282,1.939918210849483,4.491104958745649,5.1808612702502685,2.5000411172939336,23.421936247635756,76.57806375236424,60,2026-07-30,0.3069202807164729,0.9383333333333332,高,full,B,较低风险,每周反馈主要扣分项，保持常规管理,事故与未遂历史,30005车距过近；30000前碰撞预警；30002左车道偏移,176,325,0.65
95303135,0.32722513089005234,0.4607329842931937,0.45484293193717273,0.8926701570680629,0.6570680628272252,0.599476439790576,5.353814314300594,2.9718483594199716,2.0688209273320353,7.9686000931992,5.1808612702502685,1.4374880074559362,24.981432971958004,75.018567028042,60,2026-07-30,0.2475743492874843,0.9383333333333332,高,full,B,较低风险,每周反馈主要扣分项，保持常规管理,近端险情,30005车距过近；30000前碰撞预警；30002左车道偏移,197,304,0.608
95303137,0.6282722513089005,0.6256544502617801,0.712041884816754,0.5418848167539267,0.8534031413612565,0.9712041884816754,19.736301088237713,5.480208875853185,5.0700364573339565,2.9363915462843675,8.739563060223128,3.772950302897399,45.73545133082975,54.26454866917025,60,2026-07-30,0.6533496816548734,0.9383333333333332,高,full,D,高风险,24小时内人工复核，进行专项培训和重点监控,事故与未遂历史,30005车距过近；30000前碰撞预警；30002左车道偏移,348,153,0.306
95303140,0.2879581151832461,0.4476439790575916,0.5870418848167539,0.856020942408377,0.6570680628272252,0.599476439790576,4.145993804994381,2.8053918478111894,3.4461817452920696,7.327718538417259,5.1808612702502685,1.4374880074559362,24.343635214221106,75.65636478577889,60,2026-07-30,0.21756885286159472,0.9383333333333332,高,full,B,较低风险,每周反馈主要扣分项，保持常规管理,近端险情,30005车距过近；30000前碰撞预警；30002左车道偏移,188,313,0.626
95303141,0.2696335078534031,0.5445026178010471,0.5176701570680629,0.9031413612565445,0.6570680628272252,0.599476439790576,3.63511142786656,4.150763411090705,2.6798239151887286,8.156643184123244,5.1808612702502685,1.4374880074559362,25.240691215975442,74.75930878402455,60,2026-07-30,0.20850905858842322,0.9383333333333332,高,full,C,中风险,安排针对性培训，两周后复评,近端险情,30005车距过近；30000前碰撞预警；30002左车道偏移,223,278,0.556
95303152,0.27225130890052357,0.3507853403141361,0.49738219895287955,0.887434554973822,0.6570680628272252,0.599476439790576,3.706038759902415,1.7227049697102599,2.4738905183520186,7.875400893615854,5.1808612702502685,1.4374880074559362,22.39638441928675,77.60361558071325,60,2026-07-30,0.21034211467810118,0.9383333333333332,高,full,B,较低风险,每周反馈主要扣分项，保持常规管理,近端险情,30005车距过近；30000前碰撞预警；30002左车道偏移,166,335,0.67
95303155,0.031413612565445025,0.47643979057591623,0.36976439790575916,0.4712041884816754,0.6570680628272252,0.599476439790576,0.04934075272059428,3.177928236616321,1.3672570995860858,2.2203338724267425,5.1808612702502685,1.4374880074559362,13.433209239055948,86.56679076094406,60,2026-07-30,0.08610146128442699,0.9383333333333332,高,full,A,低风险,保持常规月度复盘，可纳入安全激励,事故与未遂历史,30005车距过近；30000前碰撞预警；30002左车道偏移,64,437,0.874
95303158,0.8743455497382199,0.9424083769633508,0.7035340314136125,0.7146596858638743,0.6570680628272252,0.9293193717277487,38.2240070173515,12.433869685589759,4.949601333570898,5.107384665990516,5.1808612702502685,3.45453797867383,69.35026195142676,30.64973804857324,60,2026-07-30,0.8946206821139224,0.9383333333333332,高,full,E,极高风险,立即人工核查，暂停高风险任务并制定整改计划,危险驾驶行为,30005车距过近；30000前碰撞预警；30003右车道偏移,451,50,0.1
95303168,0.3481675392670157,0.337696335078534,0.5032722513089005,0.7041884816753927,0.6570680628272252,0.599476439790576,6.0610317699624465,1.5965434061566295,2.5328295893752912,4.958814177242949,5.1808612702502685,1.4374880074559362,21.767568220443522,78.23243177955648,60,2026-07-30,0.25700164410098,0.9383333333333332,高,full,B,较低风险,每周反馈主要扣分项，保持常规管理,事故与未遂历史,30005车距过近；30000前碰撞预警；30002左车道偏移,159,342,0.684
95303201,0.12041884816753927,0.3743455497382199,0.4070680628272251,0.47643979057591623,0.6570680628272252,0.599476439790576,0.7250349496998437,1.9618842685233409,1.6570440777390965,2.269948740440229,5.1808612702502685,1.4374880074559362,13.232261314108715,86.76773868589129,60,2026-07-30,0.14361755317570907,0.9349999999999999,高,full,A,低风险,保持常规月度复盘，可纳入安全激励,事故与未遂历史,30005车距过近；30000前碰撞预警；30002左车道偏移,61,440,0.88
95303204,0.4162303664921466,0.3010471204188482,0.5667539267015707,0.9554973821989529,0.8743455497382199,0.599476439790576,8.662385899509333,1.2688111619747267,3.2121001343164934,9.129752473890518,9.17376168416436,1.4374880074559362,32.88429936131136,67.11570063868864,60,2026-07-30,0.3179834179208264,0.94,高,full,C,中风险,安排针对性培训，两周后复评,事故与未遂历史,30005车距过近；30000前碰撞预警；30002左车道偏移,283,218,0.436
95303216,0.4476439790575916,0.4005235602094241,0.2643979057591623,0.9528795811518325,0.6570680628272252,0.599476439790576,10.019256599325676,2.2458677119596504,0.6990625256983085,9.079794961760916,5.1808612702502685,1.4374880074559362,28.66233107645076,71.33766892354924,60,2026-07-30,0.3618786652625313,0.9383333333333332,高,full,C,中风险,安排针对性培训，两周后复评,近端险情,30005车距过近；30000前碰撞预警；30002左车道偏移,248,253,0.506
95303226,0.07591623036649214,0.38481675392670156,0.4319371727748691,0.44502617801047123,0.6570680628272252,0.599476439790576,0.2881637016529152,2.07317507743757,1.865697212247471,1.9804829911460764,5.1808612702502685,1.4374880074559362,12.825868260190237,87.17413173980977,60,2026-07-30,0.11845412035931321,0.9383333333333332,高,full,A,低风险,保持常规月度复盘，可纳入安全激励,事故与未遂历史,30005车距过近；30000前碰撞预警；30003右车道偏移,57,444,0.888
95303259,0.6230366492146597,0.5759162303664922,0.6596858638743456,0.39267015706806285,0.6570680628272252,0.662303664921466,19.40873331323155,4.6435130615937075,4.351854389956416,1.5418985225185717,5.1808612702502685,1.754584578273622,36.88144513582414,63.11855486417586,60,2026-07-30,0.6503926031265379,0.8966666666666667,高,full,D,高风险,24小时内人工复核，进行专项培训和重点监控,事故与未遂历史,30005车距过近；30003右车道偏移；30000前碰撞预警,304,197,0.394
95303263,0.6308900523560209,0.675392670157068,0.606020942408377,0.21727748691099477,0.6570680628272252,0.9633507853403142,19.901112908089143,6.386173624626518,3.6726138263753736,0.4720950631835751,5.1808612702502685,3.7121789424632,39.325035634988076,60.674964365011924,60,2026-07-30,0.6573038687692601,0.9416666666666667,高,full,D,高风险,24小时内人工复核，进行专项培训和重点监控,危险驾驶行为,30003右车道偏移；30002左车道偏移；30000前碰撞预警,313,188,0.376
95303277,0.7068062827225131,0.9031413612565445,0.6426701570680629,0.2801047120418848,0.6570680628272252,0.599476439790576,24.97875606480086,11.419300457772541,4.130249307858886,0.7845864970806721,5.1808612702502685,1.4374880074559362,47.931241605219164,52.068758394780836,60,2026-07-30,0.7286119346770608,0.9366666666666665,高,full,D,高风险,24小时内人工复核，进行专项培训和重点监控,危险驾驶行为,30005车距过近；30002左车道偏移；30003右车道偏移,360,141,0.282
95303312,0.060209424083769635,0.03664921465968586,0.34096858638743455,0.5523560209424084,0.6570680628272252,0.599476439790576,0.18125873742496093,0.018804309092404263,1.1625957690304543,3.0509717387133035,5.1808612702502685,1.4374880074559362,11.031979831967327,88.96802016803267,60,2026-07-30,0.10492777444698327,0.9416666666666665,高,full,A,低风险,保持常规月度复盘，可纳入安全激励,事故与未遂历史,30005车距过近；30000前碰撞预警；30002左车道偏移,36,465,0.93
95303322,0.8010471204188482,0.8795811518324608,0.7159685863874345,0.6727748691099477,0.6963350785340314,0.6675392670157068,32.08382445656643,10.831282037224858,5.126110166936213,4.526260245059072,5.818590499163949,1.7824346920314682,60.16850209698199,39.83149790301801,60,2026-07-30,0.8301605523631063,0.94,高,full,E,极高风险,立即人工核查，暂停高风险任务并制定整改计划,危险驾驶行为,30005车距过近；30000前碰撞预警；30003右车道偏移,416,85,0.17
95303331,0.4607329842931937,0.03664921465968586,0.23232984293193717,0.10209424083769633,0.6570680628272252,0.7905759162303665,10.613744140785613,0.018804309092404263,0.539771559167786,0.10423234012225542,5.1808612702502685,2.5000411172939336,18.957454736712258,81.04254526328774,60,2026-07-30,0.36905451160098107,0.9333333333333332,高,full,B,较低风险,每周反馈主要扣分项，保持常规管理,事故与未遂历史,30005车距过近；30000前碰撞预警；30003右车道偏移,129,372,0.744
95303335,0.6910994764397905,0.9109947643979057,0.5870418848167539,0.5497382198952879,0.6570680628272252,0.7931937172774869,23.88092431676763,11.61876045064554,3.4461817452920696,3.0221211041363993,5.1808612702502685,2.516625092513911,49.66547397960582,50.33452602039418,60,2026-07-30,0.7225701316006392,0.9366666666666665,高,full,D,高风险,24小时内人工复核，进行专项培训和重点监控,危险驾驶行为,30005车距过近；30000前碰撞预警；30002左车道偏移,364,137,0.274
95303367,0.8350785340314136,0.5785340314136126,0.5896596858638743,0.18324607329842932,0.9057591623036649,0.599476439790576,34.867807900002745,4.685822757051616,3.476985451330829,0.3357912337929333,9.844795921164442,1.4374880074559362,54.648691270798494,45.351308729201506,60,2026-07-30,0.8526571035273125,0.9383333333333332,高,full,E,极高风险,立即人工核查，暂停高风险任务并制定整改计划,事故与未遂历史,30002左车道偏移；30005车距过近；30003右车道偏移,389,112,0.224
95303381,0.49214659685863876,0.20680628272251309,0.45418848167539266,0.6910994764397905,0.6570680628272252,0.6727748691099477,12.110413639976974,0.5987637400290562,2.062871768865985,4.776184863353526,5.1808612702502685,1.8105040980236289,26.53959938049944,73.46040061950056,60,2026-07-30,0.40429579829749157,0.9383333333333332,高,full,C,中风险,安排针对性培训，两周后复评,事故与未遂历史,30005车距过近；30000前碰撞预警；30002左车道偏移,234,267,0.534
95303386,0.03926701570680628,0.3586387434554974,0.193717277486911,0.13612565445026178,0.6570680628272252,0.7774869109947644,0.07709492612592857,1.8007044763027331,0.37526383596940877,0.18530193799512074,5.1808612702502685,2.417943587072723,10.037170033716183,89.96282996628382,60,2026-07-30,0.08951056988940442,0.94,高,full,A,低风险,保持常规月度复盘，可纳入安全激励,事故与未遂历史,30005车距过近；41005抽烟；30000前碰撞预警,28,473,0.946
95303395,0.2696335078534031,0.4712041884816754,0.5647905759162304,0.9214659685863874,0.6570680628272252,0.599476439790576,3.63511142786656,3.1084674213974397,3.189883946437872,8.490995312628492,5.1808612702502685,1.4374880074559362,25.042807386036568,74.95719261396343,60,2026-07-30,0.20582441683413305,0.9383333333333332,高,full,C,中风险,安排针对性培训，两周后复评,近端险情,30005车距过近；30000前碰撞预警；30002左车道偏移,220,281,0.562
95303398,0.15706806282722513,0.19109947643979058,0.3089005235602094,0.8089005235602095,0.6570680628272252,0.599476439790576,1.233518818014857,0.5112661385378691,0.9541953345577149,6.54320057015981,5.1808612702502685,1.4374880074559362,15.860530138976456,84.13946986102354,60,2026-07-30,0.15327955294380277,0.9383333333333332,高,full,B,较低风险,每周反馈主要扣分项，保持常规管理,近端险情,30005车距过近；30000前碰撞预警；30002左车道偏移,89,412,0.824
95303407,0.31413612565445026,0.4424083769633508,0.6865183246073298,0.7513089005235603,0.6570680628272252,0.599476439790576,4.934075272059428,2.740152408102848,4.71307410021655,5.64465064005921,5.1808612702502685,1.4374880074559362,24.650301698144244,75.34969830185575,60,2026-07-30,0.23940640159850768,0.9383333333333332,高,full,B,较低风险,每周反馈主要扣分项，保持常规管理,近端险情,30005车距过近；30000前碰撞预警；30002左车道偏移,193,308,0.616
95303411,0.2617801047120419,0.1387434554973822,0.318717277486911,0.7722513089005235,0.6570680628272252,0.599476439790576,3.4264411611523804,0.26949645020695706,1.0158070296866861,5.963720840985718,5.1808612702502685,1.4374880074559362,17.293814759737945,82.70618524026206,60,2026-07-30,0.20362705222418773,0.9383333333333332,高,full,B,较低风险,每周反馈主要扣分项，保持常规管理,近端险情,30005车距过近；30000前碰撞预警；30002左车道偏移,107,394,0.788
95303417,0.060209424083769635,0.2591623036649215,0.5366492146596857,0.4895287958115183,0.6570680628272252,0.599476439790576,0.18125873742496093,0.9403113949727258,2.8799237959485744,2.396384419286752,5.1808612702502685,1.4374880074559362,13.016227625339218,86.98377237466079,60,2026-07-30,0.10419353782313383,0.9383333333333332,高,full,A,低风险,保持常规月度复盘，可纳入安全激励,事故与未遂历史,30005车距过近；30002左车道偏移；30000前碰撞预警,59,442,0.884
95303424,0.013089005235602094,0.1806282722513089,0.21531413612565445,0.29842931937172773,0.6570680628272252,0.599476439790576,0.008566102902880951,0.4567720183109016,0.4636017721553686,0.8906005866067267,5.1808612702502685,1.4374880074559362,8.437889757682083,91.56211024231791,60,2026-07-30,0.07466198419550872,0.9366666666666665,高,full,A,低风险,保持常规月度复盘，可纳入安全激励,事故与未遂历史,30005车距过近；30000前碰撞预警；30002左车道偏移,12,489,0.978
95303425,0.193717277486911,0.12041884816753927,0.462696335078534,0.7879581151832461,0.6570680628272252,0.599476439790576,1.8763191798470438,0.20300978591595625,2.1408789849510703,6.2087799128313375,5.1808612702502685,1.4374880074559362,17.047337141251614,82.95266285874838,60,2026-07-30,0.1658999902141289,0.9366666666666665,高,full,B,较低风险,每周反馈主要扣分项，保持常规管理,近端险情,30005车距过近；30000前碰撞预警；30002左车道偏移,100,401,0.802
95303426,0.09947643979057591,0.1518324607329843,0.4339005235602094,0.05759162303664921,0.6570680628272252,0.599476439790576,0.49477810367040376,0.322743345851265,1.8826966434582384,0.033167950439955046,5.1808612702502685,1.4374880074559362,9.351735321126066,90.64826467887393,60,2026-07-30,0.13191454128694427,0.7566666666666666,中,full,A,低风险,保持常规月度复盘，可纳入安全激励,事故与未遂历史,30002左车道偏移；30003右车道偏移；30000前碰撞预警,21,480,0.96
95303430,0.12827225130890052,0.3193717277486911,0.35340314136125656,0.6413612565445026,0.6570680628272252,0.599476439790576,0.8226885227926867,1.427976206792577,1.2489378032400429,4.113442613963433,5.1808612702502685,1.4374880074559362,14.231394424494944,85.76860557550506,60,2026-07-30,0.1450290098212709,0.9383333333333332,高,full,A,低风险,保持常规月度复盘，可纳入安全激励,事故与未遂历史,30005车距过近；30000前碰撞预警；30002左车道偏移,74,427,0.854
95303434,0.22251308900523561,0.07853403141361257,0.20876963350785338,0.4607329842931937,0.6570680628272252,0.9057591623036649,2.4756037389325956,0.08634631726103999,0.4358475987500342,2.122748828157123,5.1808612702502685,3.281598640388147,13.583006393739208,86.41699360626079,60,2026-07-30,0.180002708845699,0.9383333333333332,高,full,A,低风险,保持常规月度复盘，可纳入安全激励,事故与未遂历史,30000前碰撞预警；30005车距过近；30003右车道偏移,66,435,0.87
95303448,0.1544502617801047,0.3612565445026178,0.6465968586387435,0.3612565445026178,0.6570680628272252,0.599476439790576,1.1927441681971436,1.8270880732436063,4.180874976014913,1.3050629094597188,5.1808612702502685,1.4374880074559362,15.124119404621586,84.87588059537842,60,2026-07-30,0.1527613829099742,0.94,高,full,B,较低风险,每周反馈主要扣分项，保持常规管理,事故与未遂历史,30005车距过近；30002左车道偏移；30003右车道偏移,83,418,0.836
95303471,0.7094240837696335,0.7172774869109948,0.512434554973822,0.2617801047120419,0.6570680628272252,0.599476439790576,25.164126531619196,7.2028179052109325,2.6258917313121892,0.6852882322304761,5.1808612702502685,1.4374880074559362,42.296473678078996,57.703526321921004,60,2026-07-30,0.7334160004780133,0.9383333333333332,高,full,D,高风险,24小时内人工复核，进行专项培训和重点监控,危险驾驶行为,30005车距过近；30002左车道偏移；30003右车道偏移,326,175,0.35
95303489,0.23821989528795812,0.04712041884816754,0.3854712041884817,0.9267015706806283,0.7382198952879581,0.599476439790576,2.8374359255502863,0.0310846742139744,1.4858804925851814,8.587758011019435,6.539623365587565,1.4374880074559362,20.91927047641238,79.08072952358762,60,2026-07-30,0.19440567535980352,0.9349999999999999,高,full,B,较低风险,每周反馈主要扣分项，保持常规管理,近端险情,30005车距过近；30000前碰撞预警；30002左车道偏移,153,348,0.696
95303492,0.17801047120418848,0.36649214659685864,0.47120418848167533,0.8769633507853403,0.6570680628272252,0.599476439790576,1.5843863929168607,1.8804309092404263,2.220333872426742,7.690647186206517,5.1808612702502685,1.4374880074559362,19.994147638496752,80.00585236150324,60,2026-07-30,0.16188782613976482,0.9366666666666665,高,full,B,较低风险,每周反馈主要扣分项，保持常规管理,近端险情,30005车距过近；30000前碰撞预警；30002左车道偏移,147,354,0.708
95303504,0.39267015706806285,0.5052356020942408,0.512434554973822,0.806282722513089,0.6570680628272252,0.599476439790576,7.709492612592858,3.5736821907294196,2.6258917313121892,6.5009182862311885,5.1808612702502685,1.4374880074559362,27.02833409857186,72.97166590142814,60,2026-07-30,0.2980101824283963,0.9416666666666665,高,full,C,中风险,安排针对性培训，两周后复评,近端险情,30005车距过近；30000前碰撞预警；30002左车道偏移,237,264,0.528
95303513,0.2905759162303665,0.12303664921465969,0.26897905759162305,0.837696335078534,0.6570680628272252,0.599476439790576,4.221718154655848,0.21193223869959704,0.7234973342287766,7.0173514980400755,5.1808612702502685,1.4374880074559362,18.7928485033305,81.2071514966695,60,2026-07-30,0.2206381319142661,0.9333333333333332,高,full,B,较低风险,每周反馈主要扣分项，保持常规管理,近端险情,30005车距过近；30000前碰撞预警；30002左车道偏移,125,376,0.752
95303514,0.5314136125654451,0.03926701570680628,0.22971204188481675,0.07068062827225131,0.6570680628272252,0.599476439790576,14.120021380992847,0.021586579315259997,0.527676221868918,0.049957512129601714,5.1808612702502685,1.4374880074559362,21.33759097201283,78.66240902798717,60,2026-07-30,0.46597155743613494,0.94,高,full,B,较低风险,每周反馈主要扣分项，保持常规管理,事故与未遂历史,30005车距过近；30002左车道偏移；30003右车道偏移,156,345,0.69
95303519,0.20157068062827224,0.2094240837696335,0.3586387434554974,0.675392670157068,0.6570680628272252,0.599476439790576,2.0315369644472465,0.6140182560785066,1.2862174830733808,4.561552589018941,5.1808612702502685,1.4374880074559362,15.11167457032428,84.88832542967572,60,2026-07-30,0.1677956878425983,0.9383333333333332,高,full,B,较低风险,每周反馈主要扣分项，保持常规管理,事故与未遂历史,30005车距过近；30000前碰撞预警；30002左车道偏移,82,419,0.838
95303521,0.3769633507853403,0.418848167539267,0.19240837696335078,0.45549738219895286,0.6570680628272252,0.599476439790576,7.1050683917655775,2.4560730243140263,0.370209835256709,2.0747786519009894,5.1808612702502685,1.4374880074559362,18.624479180943506,81.37552081905649,60,2026-07-30,0.2820279490436436,0.9383333333333332,高,full,B,较低风险,每周反馈主要扣分项，保持常规管理,事故与未遂历史,30005车距过近；30000前碰撞预警；30002左车道偏移,124,377,0.754
95303547,0.060209424083769635,0.06544502617801047,0.3920157068062827,0.5706806282722513,0.6570680628272252,0.599476439790576,0.18125873742496093,0.05996272032016666,1.5367631438282943,3.256763794852114,5.1808612702502685,1.4374880074559362,11.653097674131741,88.34690232586826,60,2026-07-30,0.10484922911753548,0.9349999999999999,高,full,A,低风险,保持常规月度复盘，可纳入安全激励,事故与未遂历史,30005车距过近；30000前碰撞预警；30002左车道偏移,45,456,0.912
95303549,0.56282722513089,0.5078534031413613,0.5988219895287958,0.6989528795811518,0.6570680628272252,0.9921465968586387,15.838724267426876,3.6108111071516684,3.5858777514322524,4.885351278747841,5.1808612702502685,3.937419478632713,37.03904515364162,62.96095484635838,60,2026-07-30,0.5330545867673204,0.93,高,full,D,高风险,24小时内人工复核，进行专项培训和重点监控,事故与未遂历史,41006摄像头遮挡；30005车距过近；30000前碰撞预警,305,196,0.392
95303551,0.32722513089005234,0.3612565445026178,0.5274869109947644,0.2198952879581152,0.6570680628272252,0.599476439790576,5.353814314300594,1.8270880732436063,2.782424412707985,0.483539376661824,5.1808612702502685,1.4374880074559362,17.065215454620215,82.93478454537978,60,2026-07-30,0.2480352741760604,0.9383333333333332,高,full,B,较低风险,每周反馈主要扣分项，保持常规管理,事故与未遂历史,30005车距过近；30002左车道偏移；30000前碰撞预警,102,399,0.798
95303552,0.6256544502617801,0.36910994764397903,0.30955497382198954,0.3089005235602094,0.6570680628272252,0.8036649214659686,19.572174556618517,1.9073901482963733,0.9582428181793263,0.9541953345577149,5.1808612702502685,2.583509223979606,31.156373351881804,68.8436266481182,60,2026-07-30,0.6533315503028416,0.9183333333333333,高,full,C,中风险,安排针对性培训，两周后复评,事故与未遂历史,30005车距过近；30000前碰撞预警；30002左车道偏移,266,235,0.47
95303584,0.27225130890052357,0.4895287958115183,0.3403141361256544,0.662303664921466,0.6570680628272252,0.599476439790576,3.706038759902415,3.3549381870014527,1.1581371124695043,4.386461445684055,5.1808612702502685,1.4374880074559362,19.223924782763632,80.77607521723637,60,2026-07-30,0.21001394345372776,0.9416666666666665,高,full,B,较低风险,每周反馈主要扣分项，保持常规管理,事故与未遂历史,30005车距过近；30000前碰撞预警；30002左车道偏移,132,369,0.738
95303589,0.04712041884816754,0.28534031413612565,0.3965968586387435,0.7984293193717278,0.6570680628272252,0.599476439790576,0.11101669362133715,1.13986732819824,1.572890682821195,6.374893780324005,5.1808612702502685,1.4374880074559362,15.817017762670982,84.18298223732901,60,2026-07-30,0.09740877310545736,0.9383333333333332,高,full,B,较低风险,每周反馈主要扣分项，保持常规管理,近端险情,30005车距过近；30000前碰撞预警；30003右车道偏移,88,413,0.826
95303600,0.17277486910994763,0.306282722513089,0.5150523560209425,0.8036649214659686,0.6570680628272252,0.7801047120418848,1.4925577697979768,1.3133274855404184,2.6527892944272367,6.4587730599490145,5.1808612702502685,2.4342534469998083,19.532562326964722,80.46743767303528,60,2026-07-30,0.16053858609910251,0.9349999999999999,高,full,B,较低风险,每周反馈主要扣分项，保持常规管理,近端险情,30005车距过近；30000前碰撞预警；30002左车道偏移,140,361,0.722
95303608,0.3036649214659686,0.6047120418848168,0.5942408376963352,0.9031413612565445,0.6570680628272252,0.599476439790576,4.6106192264466435,5.119473150407061,3.5312217318604215,8.156643184123244,5.1808612702502685,1.4374880074559362,28.036306570543577,71.96369342945643,60,2026-07-30,0.23118417068565064,0.9383333333333332,高,full,C,中风险,安排针对性培训，两周后复评,近端险情,30005车距过近；30000前碰撞预警；30002左车道偏移,243,258,0.516
95303615,0.1099476439790576,0.20680628272251309,0.43193717277486915,0.21204188481675393,0.6570680628272252,0.599476439790576,0.60442422082728,0.5987637400290562,1.8656972122474715,0.44961760916641536,5.1808612702502685,1.4374880074559362,10.136852059976428,89.86314794002357,60,2026-07-30,0.1376543816651428,0.9383333333333332,高,full,A,低风险,保持常规月度复盘，可纳入安全激励,事故与未遂历史,30005车距过近；30002左车道偏移；30003右车道偏移,30,471,0.942
95303622,0.06544502617801047,0.08900523560209424,0.19240837696335078,0.725130890052356,0.8717277486910995,0.599476439790576,0.21415257257202377,0.11090704750418025,0.370209835256709,5.25814807708122,9.118911214056633,1.4374880074559362,16.509816753926703,83.4901832460733,60,2026-07-30,0.11282206808367706,0.9383333333333332,高,full,B,较低风险,每周反馈主要扣分项，保持常规管理,事故与未遂历史,30005车距过近；30000前碰撞预警；30002左车道偏移,92,409,0.818
95303627,0.25654450261780104,0.3089005235602094,0.29581151832460734,0.7172774869109948,0.6570680628272252,0.599476439790576,3.2907540911707467,1.335873468380801,0.875044543735095,5.144869932293523,5.1808612702502685,1.4374880074559362,17.26489131328637,82.73510868671363,60,2026-07-30,0.203140851227634,0.9383333333333332,高,full,B,较低风险,每周反馈主要扣分项，保持常规管理,事故与未遂历史,30005车距过近；30000前碰撞预警；30002左车道偏移,106,395,0.79
95303653,0.2905759162303665,0.18848167539267016,0.2853403141361257,0.7356020942408377,0.7172774869109948,0.599476439790576,4.221718154655848,0.4973547874235904,0.814190948713029,5.411104410515062,6.173843918752228,1.4374880074559362,18.555700227515697,81.4442997724843,60,2026-07-30,0.2199725744533208,0.9383333333333332,高,full,B,较低风险,每周反馈主要扣分项，保持常规管理,事故与未遂历史,30005车距过近；30000前碰撞预警；30002左车道偏移,123,378,0.756
95303664,0.06806282722513089,0.39790575916230364,0.6040575916230366,0.27486910994764396,0.7382198952879581,0.599476439790576,0.23162742249390095,2.2166059044434085,3.6488557399742327,0.7555302760340998,6.539623365587565,1.4374880074559362,14.829730715989143,85.17026928401086,60,2026-07-30,0.11536299619156458,0.9383333333333332,高,full,A,低风险,保持常规月度复盘，可纳入安全激励,事故与未遂历史,30005车距过近；30002左车道偏移；30003右车道偏移,79,422,0.844
95303675,0.9214659685863874,0.8403141361256544,0.8507853403141361,0.3010471204188482,0.9267015706806283,0.7015706806282722,42.45497656314245,9.88578986321647,7.238356952934404,0.9062936871248048,10.305309613223322,1.9688056796688684,72.75953235931033,27.240467640689673,60,2026-07-30,0.9298093365860445,0.9383333333333332,高,full,E,极高风险,立即人工核查，暂停高风险任务并制定整改计划,事故与未遂历史,30005车距过近；30002左车道偏移；30003右车道偏移,464,37,0.074
95303677,0.19109947643979058,0.31151832460732987,0.14397905759162305,0.9842931937172775,0.6570680628272252,0.599476439790576,1.8259504947781038,1.3586113319262085,0.20729969024971906,9.68833091198158,5.1808612702502685,1.4374880074559362,19.698541706641816,80.30145829335818,60,2026-07-30,0.16574075877533898,0.9366666666666665,高,full,B,较低风险,每周反馈主要扣分项，保持常规管理,近端险情,30005车距过近；30000前碰撞预警；30002左车道偏移,144,357,0.714
95303725,0.21727748691099477,0.2879581151832461,0.5209424083769634,0.3298429319371728,0.6570680628272252,0.599476439790576,2.360475315917875,1.1608782653984269,2.7138099284559085,1.087963597489104,5.1808612702502685,1.4374880074559362,13.941476384967519,86.05852361503248,60,2026-07-30,0.17815741281027275,0.85,高,full,A,低风险,保持常规月度复盘，可纳入安全激励,事故与未遂历史,30005车距过近；30000前碰撞预警；30002左车道偏移,68,433,0.866
95303730,0.3193717277486911,0.29842931937172773,0.343586387434555,0.24345549738219896,0.6570680628272252,0.9895287958115183,5.099915024259204,1.2468408212494173,1.1805160563032813,0.5927057920561388,5.1808612702502685,3.916668950960774,17.217507915079082,82.78249208492092,60,2026-07-30,0.2418697282001928,0.9333333333333332,高,full,B,较低风险,每周反馈主要扣分项，保持常规管理,事故与未遂历史,41006摄像头遮挡；30005车距过近；30003右车道偏移,104,397,0.794
95303740,0.02356020942408377,0.2356020942408377,0.35471204188481675,0.20157068062827224,0.6570680628272252,0.599476439790576,0.027754173405334287,0.7771168553493599,1.2582063265809598,0.4063073928894493,5.1808612702502685,1.4374880074559362,9.087734025931308,90.91226597406869,60,2026-07-30,0.08409244325052442,0.9383333333333332,高,full,A,低风险,保持常规月度复盘，可纳入安全激励,事故与未遂历史,30005车距过近；30002左车道偏移；30003右车道偏移,17,484,0.968
95303744,0.24607329842931938,0.2905759162303665,0.2905759162303665,0.6178010471204188,0.6570680628272252,0.599476439790576,3.0276034099942435,1.1820810833036375,0.8443436309311697,3.8167813382308595,5.1808612702502685,1.4374880074559362,15.489158740166115,84.51084125983388,60,2026-07-30,0.19722702857354749,0.94,高,full,B,较低风险,每周反馈主要扣分项，保持常规管理,事故与未遂历史,30005车距过近；30000前碰撞预警；30002左车道偏移,86,415,0.83
95303756,0.3010471204188482,0.5890052356020943,0.4967277486910995,0.5942408376963351,0.6570680628272252,0.856020942408377,4.531468435624024,4.8569803459335,2.467384563197281,3.5312217318604207,5.1808612702502685,2.9310874153669038,23.499003762232398,76.5009962377676,60,2026-07-30,0.23052059632736954,0.94,高,full,B,较低风险,每周反馈主要扣分项，保持常规管理,事故与未遂历史,30005车距过近；30000前碰撞预警；30002左车道偏移,179,322,0.644
95303787,0.9057591623036649,0.7984293193717278,0.7146596858638744,0.6989528795811518,0.7356020942408377,0.693717277486911,41.01998300485184,8.924851292453607,5.107384665990517,4.885351278747841,6.493325292618074,1.9249746443354077,68.3558701789973,31.644129821002707,60,2026-07-30,0.9173317044307198,0.9383333333333332,高,full,E,极高风险,立即人工核查，暂停高风险任务并制定整改计划,危险驾驶行为,30005车距过近；30000前碰撞预警；30003右车道偏移,445,56,0.112
95303788,0.6204188481675392,0.774869109947644,0.5320680628272252,0.7015706806282722,0.6570680628272252,0.599476439790576,19.245977358076804,8.405909925714756,2.8309642348071606,4.922014199172171,5.1808612702502685,1.4374880074559362,42.02321499547709,57.97678500452291,60,2026-07-30,0.6450090697739836,0.8033333333333333,高,full,D,高风险,24小时内人工复核，进行专项培训和重点监控,危险驾驶行为,30005车距过近；30000前碰撞预警；30003右车道偏移,324,177,0.354
95303797,0.7277486910994765,0.8455497382198953,0.5634816753926701,0.10471204188481675,0.6570680628272252,0.643979057591623,26.48090786985006,10.009361037252269,3.175115985033305,0.10964611715687618,5.1808612702502685,1.6588361064663795,46.61472838600917,53.38527161399083,60,2026-07-30,0.7625381672315982,0.9283333333333333,高,full,D,高风险,24小时内人工复核，进行专项培训和重点监控,危险驾驶行为,30002左车道偏移；30003右车道偏移；30005车距过近,355,146,0.292
95303799,0.06544502617801047,0.031413612565445025,0.21073298429319373,0.14397905759162305,0.6570680628272252,0.599476439790576,0.21415257257202377,0.013815410761766398,0.4440839066911544,0.20729969024971906,5.1808612702502685,1.4374880074559362,7.497700857980869,92.50229914201913,60,2026-07-30,0.11258772123060946,0.8183333333333334,高,full,A,低风险,保持常规月度复盘，可纳入安全激励,事故与未遂历史,30000前碰撞预警；30005车距过近；30002左车道偏移,1,500,1.0
95303802,0.5680628272251309,0.8481675392670157,0.5981675392670157,0.225130890052356,0.6570680628272252,0.7172774869109948,16.13476878375045,10.071434445327704,3.578044050327568,0.5068391765576601,5.1808612702502685,2.0579479729174093,37.52989569913105,62.47010430086895,60,2026-07-30,0.5540745300356532,0.95,高,full,D,高风险,24小时内人工复核，进行专项培训和重点监控,危险驾驶行为,30005车距过近；30003右车道偏移；30002左车道偏移,309,192,0.384
95303806,0.01832460732984293,0.225130890052356,0.27159685863874344,0.4476439790575916,0.6570680628272252,0.599476439790576,0.016789561689646664,0.7095748471807242,0.7376485362243359,2.0038513198651353,5.1808612702502685,1.4374880074559362,10.086213542666048,89.91378645733396,60,2026-07-30,0.07768463638741462,0.94,高,full,A,低风险,保持常规月度复盘，可纳入安全激励,事故与未遂历史,30005车距过近；30000前碰撞预警；30002左车道偏移,29,472,0.944
95303839,0.08376963350785341,0.3403141361256545,0.5019633507853404,0.4109947643979058,0.6570680628272252,0.599476439790576,0.3508675749020038,1.6213919574573068,2.519672055316467,1.6891669636249007,5.1808612702502685,1.4374880074559362,12.799447829006883,87.20055217099312,60,2026-07-30,0.12442879094693801,0.9383333333333332,高,full,A,低风险,保持常规月度复盘，可纳入安全激励,事故与未遂历史,30005车距过近；30000前碰撞预警；30002左车道偏移,56,445,0.89
95303849,0.049738219895287955,0.3769633507853403,0.2094240837696335,0.5837696335078534,0.6570680628272252,0.599476439790576,0.12369452591760094,1.9894191496943616,0.4385844686275047,3.407869850058934,5.1808612702502685,1.4374880074559362,12.577917272004607,87.42208272799539,60,2026-07-30,0.09751115281530606,0.9383333333333332,高,full,A,低风险,保持常规月度复盘，可纳入安全激励,事故与未遂历史,30005车距过近；30000前碰撞预警；30002左车道偏移,54,447,0.894
95303861,0.31151832460732987,0.14397905759162305,0.5667539267015708,0.6701570680628273,0.6570680628272252,0.599476439790576,4.852183328307888,0.2902195663496067,3.2121001343164943,4.491104958745649,5.1808612702502685,1.4374880074559362,19.463957265425844,80.53604273457415,60,2026-07-30,0.23847794307739514,0.9383333333333332,高,full,B,较低风险,每周反馈主要扣分项，保持常规管理,事故与未遂历史,30005车距过近；30000前碰撞预警；30002左车道偏移,139,362,0.724
95303865,0.1806282722513089,0.48429319371727747,0.6204188481675392,0.193717277486911,0.8324607329842932,0.675392670157068,1.6313286368246485,3.283558564732326,3.849195471615361,0.37526383596940877,8.31589046352896,1.8246210356075765,19.279858008278282,80.72014199172172,60,2026-07-30,0.1624265777731824,0.9383333333333332,高,full,B,较低风险,每周反馈主要扣分项，保持常规管理,事故与未遂历史,30005车距过近；30002左车道偏移；30003右车道偏移,133,368,0.736
95303879,0.24083769633507854,0.23036649214659685,0.3154450261780105,0.17539267015706805,0.6570680628272252,0.743455497382199,2.900139798799375,0.7429620898549929,0.9950556454044573,0.3076258874482607,5.1808612702502685,2.2109043063512512,12.337548998108606,87.6624510018914,60,2026-07-30,0.19482544604148092,0.9383333333333332,高,full,A,低风险,保持常规月度复盘，可纳入安全激励,事故与未遂历史,30005车距过近；30002左车道偏移；30003右车道偏移,53,448,0.896
95303923,0.2774869109947644,0.27225130890052357,0.5628272251308901,0.8848167539267016,0.6570680628272252,0.599476439790576,3.8499492886708153,1.0376908527726763,3.167744853485377,7.829006880293852,5.1808612702502685,1.4374880074559362,22.502741152928923,77.49725884707108,60,2026-07-30,0.2111131706690208,0.9349999999999999,高,full,B,较低风险,每周反馈主要扣分项，保持常规管理,近端险情,30005车距过近；30000前碰撞预警；30002左车道偏移,168,333,0.666
95303979,0.005235602094240838,0.12827225130890052,0.21335078534031413,0.34293193717277487,0.6570680628272252,0.599476439790576,0.0013705764644609524,0.23035278638195225,0.45518557605328797,1.1760231353307202,5.1808612702502685,1.4374880074559362,8.481281351936627,91.51871864806337,60,2026-07-30,0.0662186325299114,0.9349999999999999,高,full,A,低风险,保持常规月度复盘，可纳入安全激励,事故与未遂历史,30005车距过近；30000前碰撞预警；30002左车道偏移,13,488,0.976
95303988,0.3586387434554974,0.1649214659685864,0.2984293193717278,0.9345549738219895,0.6570680628272252,0.599476439790576,6.431087415366904,0.3807872591211864,0.8906005866067269,8.733929990954195,5.1808612702502685,1.4374880074559362,23.05475452975522,76.94524547024479,60,2026-07-30,0.2645532512589735,0.94,高,full,B,较低风险,每周反馈主要扣分项，保持常规管理,近端险情,30005车距过近；30000前碰撞预警；30002左车道偏移,173,328,0.656
95304005,0.35602094240837695,0.15706806282722513,0.44109947643979064,1.0,0.725130890052356,0.9581151832460733,6.337545571667443,0.34538526904415995,1.9456874811545741,10.0,6.309777692497463,3.6719388174666263,28.610334831830265,71.38966516816973,60,2026-07-30,0.2628297249873657,0.9383333333333332,高,full,C,中风险,安排针对性培训，两周后复评,近端险情,30005车距过近；30000前碰撞预警；30002左车道偏移,247,254,0.508
95304014,0.2356020942408377,0.1256544502617801,0.3612565445026178,0.8534031413612565,0.743455497382199,0.599476439790576,2.775417340533428,0.22104657218826237,1.3050629094597188,7.2829692168526075,6.632712919053754,1.4374880074559362,19.654696965543707,80.3453030344563,60,2026-07-30,0.1933974498123284,0.9383333333333332,高,full,B,较低风险,每周反馈主要扣分项，保持常规管理,近端险情,30005车距过近；30000前碰撞预警；30002左车道偏移,142,359,0.718
95304015,0.23821989528795812,0.31675392670157065,0.5484293193717278,0.7801047120418848,0.8664921465968587,0.599476439790576,2.8374359255502863,1.4046627011320958,3.0077471834653657,6.0856336174995205,9.009703681368384,1.4374880074559362,23.782671116471587,76.21732888352841,60,2026-07-30,0.19455772536366547,0.94,高,full,B,较低风险,每周反馈主要扣分项，保持常规管理,事故与未遂历史,30005车距过近；30000前碰撞预警；30002左车道偏移,181,320,0.64
95304018,0.09424083769633508,0.27486910994764396,0.19698952879581152,0.8952879581151832,0.6570680628272252,0.599476439790576,0.4440667744853486,1.0577423864477398,0.3880487445519586,8.015405279460541,5.1808612702502685,1.4374880074559362,16.523612462651794,83.4763875373482,60,2026-07-30,0.1288829475439816,0.9366666666666665,高,full,B,较低风险,每周反馈主要扣分项，保持常规管理,近端险情,30005车距过近；30000前碰撞预警；30002左车道偏移,93,408,0.816
95304033,0.2486910994764398,0.5287958115183246,0.6106020942408377,0.5785340314136126,0.6570680628272252,0.599476439790576,3.092363147940024,3.9147501439105277,3.7283491749129682,3.347016255036869,5.1808612702502685,1.4374880074559362,20.700827999506593,79.2991720004934,60,2026-07-30,0.1988464870215918,0.9349999999999999,高,full,B,较低风险,每周反馈主要扣分项，保持常规管理,事故与未遂历史,30005车距过近；30000前碰撞预警；30002左车道偏移,151,350,0.7
95304036,0.418848167539267,0.27486910994764396,0.34293193717277487,0.7643979057591623,0.6570680628272252,0.599476439790576,8.771689372550094,1.0577423864477398,1.1760231353307202,5.843041583289931,5.1808612702502685,1.4374880074559362,23.46684575532469,76.5331542446753,60,2026-07-30,0.3296660138031376,0.9349999999999999,高,full,B,较低风险,每周反馈主要扣分项，保持常规管理,近端险情,30005车距过近；30000前碰撞预警；30002左车道偏移,178,323,0.646
95304092,0.4424083769633508,0.19633507853403143,0.2964659685863874,0.6047120418848168,0.6570680628272252,0.900523560209424,9.786258600367315,0.5396644828815,0.8789207052986485,3.656766536005044,5.1808612702502685,3.243770729969025,23.286242324771802,76.7137576752282,60,2026-07-30,0.3576565191588734,0.6683333333333333,中,full,B,较低风险,每周反馈主要扣分项，保持常规管理,事故与未遂历史,30005车距过近；30000前碰撞预警；30002左车道偏移,174,327,0.654
95304104,0.015706806282722512,0.031413612565445025,0.2761780104712042,0.39528795811518325,0.6570680628272252,0.599476439790576,0.01233518818014857,0.013815410761766398,0.7627429346783259,1.5625256983087086,5.1808612702502685,1.4374880074559362,8.969768509635154,91.03023149036484,60,2026-07-30,0.07557928193903321,0.7233333333333333,中,full,A,低风险,保持常规月度复盘，可纳入安全激励,事故与未遂历史,30005车距过近；30000前碰撞预警；41005抽烟,16,485,0.97
95304125,0.418848167539267,0.4790575916230366,0.5667539267015707,0.7460732984293194,0.9764397905759162,0.599476439790576,8.771689372550094,3.212946465283298,3.2121001343164934,5.5662536662920425,11.44121597543927,1.4374880074559362,33.64169362133713,66.35830637866286,60,2026-07-30,0.3233870749721021,0.6799999999999999,中,full,C,中风险,安排针对性培训，两周后复评,事故与未遂历史,30005车距过近；30002左车道偏移；30003右车道偏移,286,215,0.43
95304202,0.04450261780104712,0.031413612565445025,0.2997382198952879,0.02617801047120419,0.6570680628272252,0.599476439790576,0.09902414955730379,0.013815410761766398,0.8984300046599598,0.006852882322304761,5.1808612702502685,1.4374880074559362,7.63647172500754,92.36352827499246,60,2026-07-30,0.09533215652184449,0.7,中,full,A,低风险,保持常规月度复盘，可纳入安全激励,事故与未遂历史,41005抽烟；30002左车道偏移；30003右车道偏移,2,499,0.998
95304216,0.17015706806282724,0.031413612565445025,0.40117801047120416,0.02617801047120419,0.6570680628272252,0.599476439790576,1.447671390586881,0.013815410761766398,1.6094379608563358,0.006852882322304761,5.1808612702502685,1.4374880074559362,9.696126922233493,90.30387307776651,60,2026-07-30,0.16044432587034185,0.6133333333333333,中,full,A,低风险,保持常规月度复盘，可纳入安全激励,事故与未遂历史,30002左车道偏移；41005抽烟；30003右车道偏移,25,476,0.952
95304257,0.756544502617801,0.599476439790576,0.6662303664921466,0.9476439790575916,0.856020942408377,0.9424083769633508,28.617979222060796,5.0312080260957766,4.4386290123625995,8.980291110441051,8.793262246100712,3.5525341958827883,59.413903812943715,40.586096187056285,60,2026-07-30,0.7897581345901231,0.9983333333333333,高,full,E,极高风险,立即人工核查，暂停高风险任务并制定整改计划,近端险情,30005车距过近；30000前碰撞预警；30002左车道偏移,411,90,0.18
95304268,0.10471204188481675,0.2617801047120419,0.07329842931937174,0.02617801047120419,0.6570680628272252,0.599476439790576,0.5482305857843809,0.9594035251226666,0.05372659740686934,0.006852882322304761,5.1808612702502685,1.4374880074559362,8.186562868342426,91.81343713165758,60,2026-07-30,0.1322910680600671,0.7316666666666666,中,full,A,低风险,保持常规月度复盘，可纳入安全激励,事故与未遂历史,41005抽烟；41023看手机；41004打电话,10,491,0.982
95304341,0.5,0.5,0.5,0.5,0.5,0.5,12.5,3.5,2.5,2.5,3.0,1.0,25.0,75.0,60,2026-07-30,0.31151832460732987,0.0,低,prior_no_observed_behavior,U,证据不足,检查事件源、轨迹和IMU设备；补齐数据前暂缓奖惩,危险驾驶行为,无明显行为事件,198,282,0.585
95304343,0.32460732984293195,0.031413612565445025,0.5903141361256545,0.837696335078534,0.6570680628272252,0.599476439790576,5.268495929387901,0.013815410761766398,3.484707793097778,7.0173514980400755,5.1808612702502685,1.4374880074559362,22.402719908993724,77.59728009100627,60,2026-07-30,0.24727642910523884,0.6333333333333333,中,full,B,较低风险,每周反馈主要扣分项，保持常规管理,近端险情,30005车距过近；30000前碰撞预警；30002左车道偏移,167,334,0.668
95304404,0.05759162303664921,0.031413612565445025,0.3043193717277487,0.18848167539267016,0.6570680628272252,0.599476439790576,0.1658397521997752,0.013815410761766398,0.926102800087717,0.3552534195882789,5.1808612702502685,1.4374880074559362,8.079360660343742,91.92063933965626,60,2026-07-30,0.10308676825902163,0.6933333333333332,中,full,A,低风险,保持常规月度复盘，可纳入安全激励,事故与未遂历史,30005车距过近；30003右车道偏移；30000前碰撞预警,8,493,0.986
95304413,0.06282722513089005,0.16230366492146597,0.3481675392670157,0.32460732984293195,0.6570680628272252,0.599476439790576,0.19736301088237712,0.36879471505715306,1.2122063539924892,1.0536991858775802,5.1808612702502685,1.4374880074559362,9.450412543515805,90.54958745648419,60,2026-07-30,0.11138054821269233,0.7133333333333333,中,full,A,低风险,保持常规月度复盘，可纳入安全激励,事故与未遂历史,30005车距过近；30000前碰撞预警；30002左车道偏移,22,479,0.958
95304440,0.5,0.5,0.5,0.5,0.5,0.5,12.5,3.5,2.5,2.5,3.0,1.0,25.0,75.0,60,2026-07-30,0.31151832460732987,0.0,低,prior_no_observed_behavior,U,证据不足,检查事件源、轨迹和IMU设备；补齐数据前暂缓奖惩,危险驾驶行为,无明显行为事件,198,282,0.585
95304447,0.693717277486911,0.5968586387434555,0.581151832460733,0.7068062827225131,0.9528795811518325,0.7617801047120419,24.062183054192595,4.987363284997669,3.377374523724679,4.9957512129601716,10.8957539541131,2.3212357117403584,50.639661741728574,49.360338258271426,60,2026-07-30,0.7226725952084723,0.9233333333333333,高,full,E,极高风险,立即人工核查，暂停高风险任务并制定整改计划,事故与未遂历史,30005车距过近；30000前碰撞预警；30003右车道偏移,370,131,0.262
95304519,0.5,0.5,0.5,0.5,0.5,0.5,12.5,3.5,2.5,2.5,3.0,1.0,25.0,75.0,60,2026-07-30,0.31151832460732987,0.0,低,prior_no_observed_behavior,U,证据不足,检查事件源、轨迹和IMU设备；补齐数据前暂缓奖惩,危险驾驶行为,无明显行为事件,198,282,0.585
95304527,0.5,0.5,0.5,0.5,0.5,0.5,12.5,3.5,2.5,2.5,3.0,1.0,25.0,75.0,60,2026-07-30,0.31151832460732987,0.0,低,prior_no_observed_behavior,U,证据不足,检查事件源、轨迹和IMU设备；补齐数据前暂缓奖惩,危险驾驶行为,无明显行为事件,198,282,0.585
95304573,0.5,0.5,0.5,0.5,0.5,0.5,12.5,3.5,2.5,2.5,3.0,1.0,25.0,75.0,60,2026-07-30,0.31151832460732987,0.0,低,prior_no_observed_behavior,U,证据不足,检查事件源、轨迹和IMU设备；补齐数据前暂缓奖惩,危险驾驶行为,无明显行为事件,198,282,0.585
95304602,0.8141361256544503,0.5104712041884817,0.8514397905759162,0.6989528795811518,0.9476439790575916,0.9240837696335078,33.14088155478194,3.6481319042789395,7.249497169759601,4.885351278747841,10.77634933252926,3.4157232532002957,63.115934493297885,36.884065506702115,60,2026-07-30,0.8412648622338335,0.9983333333333333,高,full,E,极高风险,立即人工核查，暂停高风险任务并制定整改计划,事故与未遂历史,30005车距过近；30000前碰撞预警；30002左车道偏移,429,72,0.144
95304616,0.18848167539267016,0.031413612565445025,0.27486910994764396,0.041884816753926704,0.6570680628272252,0.599476439790576,1.7762670979413944,0.013815410761766398,0.7555302760340998,0.01754337874510019,5.1808612702502685,1.4374880074559362,9.181505441188564,90.81849455881144,60,2026-07-30,0.16532037727812277,0.62,中,full,A,低风险,保持常规月度复盘，可纳入安全激励,事故与未遂历史,30005车距过近；30003右车道偏移；30002左车道偏移,19,482,0.964
95304626,0.5968586387434555,0.07591623036649214,0.3645287958115183,0.2617801047120419,0.6570680628272252,0.599476439790576,17.812011732134533,0.08068583646281625,1.3288124297579562,0.6852882322304761,5.1808612702502685,1.4374880074559362,26.525147508291987,73.47485249170802,60,2026-07-30,0.6087643073678402,0.8383333333333333,高,full,C,中风险,安排针对性培训，两周后复评,事故与未遂历史,30005车距过近；30002左车道偏移；30003右车道偏移,233,268,0.536
95304680,0.13350785340314136,0.4816753926701571,0.6380890052356021,0.680628272251309,0.6570680628272252,0.599476439790576,0.8912173460157342,3.2481565746553,4.071575786025602,4.632548449878019,5.1808612702502685,1.4374880074559362,19.46184743428086,80.53815256571914,60,2026-07-30,0.1458613902720767,0.7133333333333333,中,full,B,较低风险,每周反馈主要扣分项，保持常规管理,事故与未遂历史,30005车距过近；30000前碰撞预警；30002左车道偏移,138,363,0.726
95304705,0.5,0.5,0.5,0.5,0.5,0.5,12.5,3.5,2.5,2.5,3.0,1.0,25.0,75.0,60,2026-07-30,0.31151832460732987,0.0,低,prior_no_observed_behavior,U,证据不足,检查事件源、轨迹和IMU设备；补齐数据前暂缓奖惩,危险驾驶行为,无明显行为事件,198,282,0.585
95304743,0.028795811518324606,0.031413612565445025,0.3691099476439791,0.034031413612565446,0.6570680628272252,0.599476439790576,0.0414599380499438,0.013815410761766398,1.3624215344974098,0.011581371124695046,5.1808612702502685,1.4374880074559362,8.04762753214002,91.95237246785999,60,2026-07-30,0.08557733572510053,0.7,中,full,A,低风险,保持常规月度复盘，可纳入安全激励,事故与未遂历史,30002左车道偏移；30003右车道偏移；41005抽烟,5,496,0.992
95304781,0.5,0.5,0.5,0.5,0.5,0.5,12.5,3.5,2.5,2.5,3.0,1.0,25.0,75.0,60,2026-07-30,0.31151832460732987,0.0,低,prior_no_observed_behavior,U,证据不足,检查事件源、轨迹和IMU设备；补齐数据前暂缓奖惩,危险驾驶行为,无明显行为事件,198,282,0.585
95304837,0.020942408376963352,0.06544502617801047,0.4339005235602094,0.08900523560209424,0.6570680628272252,0.599476439790576,0.02192922343137524,0.05996272032016666,1.8826966434582384,0.07921931964584303,5.1808612702502685,1.4374880074559362,8.662157184561828,91.33784281543817,60,2026-07-30,0.07974803492267192,0.8250000000000001,高,full,A,低风险,保持常规月度复盘，可纳入安全激励,事故与未遂历史,30005车距过近；30003右车道偏移；30002左车道偏移,14,487,0.974
95304841,0.1099476439790576,0.40575916230366493,0.36256544502617805,0.1518324607329843,0.6570680628272252,0.599476439790576,0.60442422082728,2.3049669691072063,1.3145370192703054,0.23053096132233217,5.1808612702502685,1.4374880074559362,11.072808448233328,88.92719155176667,60,2026-07-30,0.1386876210456637,0.8016666666666666,高,full,A,低风险,保持常规月度复盘，可纳入安全激励,事故与未遂历史,30000前碰撞预警；30005车距过近；30002左车道偏移,37,464,0.928
95304874,0.1518324607329843,0.21465968586387435,0.4712041884816754,0.8481675392670157,0.9842931937172775,0.599476439790576,1.1526548066116609,0.645102930292481,2.2203338724267425,7.193881746662646,11.625997094377896,1.4374880074559362,24.275458457827362,75.72454154217263,60,2026-07-30,0.15198437828557132,0.7266666666666666,中,full,B,较低风险,每周反馈主要扣分项，保持常规管理,事故与未遂历史,30005车距过近；30000前碰撞预警；30002左车道偏移,187,314,0.628
95304944,0.5,0.5,0.5,0.5,0.5,0.5,12.5,3.5,2.5,2.5,3.0,1.0,25.0,75.0,60,2026-07-30,0.31151832460732987,0.0,低,prior_no_observed_behavior,U,证据不足,检查事件源、轨迹和IMU设备；补齐数据前暂缓奖惩,危险驾驶行为,无明显行为事件,198,282,0.585
95304966,0.5,0.5,0.5,0.5,0.5,0.5,12.5,3.5,2.5,2.5,3.0,1.0,25.0,75.0,60,2026-07-30,0.31151832460732987,0.0,低,prior_no_observed_behavior,U,证据不足,检查事件源、轨迹和IMU设备；补齐数据前暂缓奖惩,危险驾驶行为,无明显行为事件,198,282,0.585
95304972,0.450261780104712,0.3481675392670157,0.013089005235602094,0.21204188481675393,0.6570680628272252,0.599476439790576,10.136783531153203,1.6970888955894852,0.0017132205805761903,0.44961760916641536,5.1808612702502685,1.4374880074559362,18.903552534195885,81.09644746580412,60,2026-07-30,0.3625357378617912,0.74,中,full,B,较低风险,每周反馈主要扣分项，保持常规管理,事故与未遂历史,30005车距过近；30000前碰撞预警；30017长时间压线,126,375,0.75
95304975,0.2643979057591623,0.4738219895287958,0.1714659685863874,0.07329842931937172,0.6570680628272252,0.599476439790576,3.4953126284915426,3.143101888654368,0.29400578383267995,0.05372659740686932,5.1808612702502685,1.4374880074559362,13.604496176091665,86.39550382390834,60,2026-07-30,0.20363755434521283,0.725,中,full,A,低风险,保持常规月度复盘，可纳入安全激励,事故与未遂历史,30000前碰撞预警；30005车距过近；41005抽烟,67,434,0.868
95304993,0.6413612565445026,0.9057591623036649,0.8337696335078534,0.09947643979057591,0.6570680628272252,0.9319371727748691,20.567213069817164,11.485595241358515,6.951718017598202,0.09895562073408075,5.1808612702502685,3.474027575998465,47.7583707957567,52.2416292042433,60,2026-07-30,0.6687996314320342,0.9833333333333333,高,full,D,高风险,24小时内人工复核，进行专项培训和重点监控,危险驾驶行为,30003右车道偏移；30002左车道偏移；30005车距过近,358,143,0.286
95305011,0.6020942408376964,0.5418848167539267,0.5510471204188482,0.33507853403141363,0.7041884816753927,0.9528795811518325,18.125873742496097,4.110948164798114,3.0365292892190454,1.1227762396864123,5.9505770126915385,3.6319179847043666,35.978622433595575,64.02137756640442,60,2026-07-30,0.6188653407709431,0.9833333333333334,高,full,D,高风险,24小时内人工复核，进行专项培训和重点监控,事故与未遂历史,30000前碰撞预警；30002左车道偏移；30003右车道偏移,298,203,0.406
95305116,0.1256544502617801,0.29581151832460734,0.5183246073298429,0.5392670157068062,0.6570680628272252,0.599476439790576,0.7894520435295085,1.225062361229133,2.6866039856363577,2.908089142293248,5.1808612702502685,1.4374880074559362,14.227556810394452,85.77244318960555,60,2026-07-30,0.1447234167181452,0.8466666666666666,高,full,A,低风险,保持常规月度复盘，可纳入安全激励,事故与未遂历史,30005车距过近；30000前碰撞预警；30002左车道偏移,73,428,0.856
95305189,0.11780104712041885,0.031413612565445025,0.12827225130890052,0.5549738219895288,0.6570680628272252,0.599476439790576,0.693854335133357,0.013815410761766398,0.16453770455853733,3.0799594309366523,5.1808612702502685,1.4374880074559362,10.570516159096517,89.42948384090349,60,2026-07-30,0.1426687591382375,0.7683333333333333,中,full,A,低风险,保持常规月度复盘，可纳入安全激励,事故与未遂历史,30000前碰撞预警；30005车距过近；30002左车道偏移,33,468,0.936
95305208,0.5,0.5,0.5,0.5,0.5,0.5,12.5,3.5,2.5,2.5,3.0,1.0,25.0,75.0,60,2026-07-30,0.31151832460732987,0.0,低,prior_no_observed_behavior,U,证据不足,检查事件源、轨迹和IMU设备；补齐数据前暂缓奖惩,危险驾驶行为,无明显行为事件,198,282,0.585
95305248,0.14921465968586387,0.17277486910994763,0.5078534031413613,0.837696335078534,0.6570680628272252,0.599476439790576,1.1132507332584083,0.4179161755434335,2.57915079082262,7.0173514980400755,5.1808612702502685,1.4374880074559362,17.746018475370743,82.25398152462925,60,2026-07-30,0.15156414490685177,0.8533333333333333,高,full,B,较低风险,每周反馈主要扣分项，保持常规管理,近端险情,30005车距过近；30000前碰撞预警；30002左车道偏移,111,390,0.78
95305317,0.5,0.5,0.5,0.5,0.5,0.5,12.5,3.5,2.5,2.5,3.0,1.0,25.0,75.0,60,2026-07-30,0.31151832460732987,0.0,低,prior_no_observed_behavior,U,证据不足,检查事件源、轨迹和IMU设备；补齐数据前暂缓奖惩,危险驾驶行为,无明显行为事件,198,282,0.585
95305364,0.10209424083769633,0.25392670157068065,0.3861256544502618,0.28534031413612565,0.6570680628272252,0.599476439790576,0.5211617006112771,0.9027027767879171,1.4909302102464301,0.8141909487130286,5.1808612702502685,1.4374880074559362,10.347334914064858,89.65266508593514,60,2026-07-30,0.13205555083383763,0.7066666666666666,中,full,A,低风险,保持常规月度复盘，可纳入安全激励,事故与未遂历史,30005车距过近；30002左车道偏移；30000前碰撞预警,32,469,0.938
95305365,0.015706806282722512,0.031413612565445025,0.3180628272251309,0.4083769633507853,0.6570680628272252,0.599476439790576,0.01233518818014857,0.013815410761766398,1.0116396206244347,1.6677174419560867,5.1808612702502685,1.4374880074559362,9.32385693922864,90.67614306077135,60,2026-07-30,0.07608933920146783,0.7333333333333333,中,full,A,低风险,保持常规月度复盘，可纳入安全激励,事故与未遂历史,30005车距过近；30000前碰撞预警；30002左车道偏移,20,481,0.962
95305658,0.21465968586387435,0.031413612565445025,0.2670157068062827,0.06544502617801047,0.6570680628272252,0.599476439790576,2.303939036758861,0.013815410761766398,0.7129738768125873,0.042830514514404755,5.1808612702502685,1.4374880074559362,9.691908116553824,90.30809188344618,60,2026-07-30,0.1777601964254956,0.6333333333333333,中,full,A,低风险,保持常规月度复盘，可纳入安全激励,事故与未遂历史,30005车距过近；30002左车道偏移；30003右车道偏移,24,477,0.954
95305669,0.7513089005235603,0.4397905759162304,0.47251308900523564,0.8664921465968587,0.8795811518324608,0.7591623036649214,28.22325320029605,2.7078205093062144,2.2326861928126975,7.5080864011403206,9.283956031907021,2.3053096132233217,52.26111194868562,47.73888805131438,60,2026-07-30,0.7844856563544826,0.9766666666666667,高,full,E,极高风险,立即人工核查，暂停高风险任务并制定整改计划,事故与未遂历史,30000前碰撞预警；30005车距过近；30002左车道偏移,374,127,0.254
95305750,0.07329842931937172,0.10732984293193717,0.14725130890052354,0.19895287958115182,0.6570680628272252,0.599476439790576,0.2686329870343466,0.16127573257312025,0.21682947972917405,0.395822482936323,5.1808612702502685,1.4374880074559362,7.660909959979169,92.33909004002084,60,2026-07-30,0.11712192313835645,0.7266666666666666,中,full,A,低风险,保持常规月度复盘，可纳入安全激励,事故与未遂历史,30005车距过近；30000前碰撞预警；30002左车道偏移,3,498,0.996
95305764,0.19895287958115182,0.21204188481675393,0.44306282722513085,0.12041884816753927,0.6570680628272252,0.599476439790576,1.979112414681615,0.6294646528329815,1.9630466886872617,0.14500698993996874,5.1808612702502685,1.4374880074559362,11.334980023848033,88.66501997615197,60,2026-07-30,0.16749392142197345,0.7066666666666666,中,full,A,低风险,保持常规月度复盘，可纳入安全激励,事故与未遂历史,30005车距过近；30002左车道偏移；30003右车道偏移,40,461,0.922
95305846,0.14659685863874344,0.25654450261780104,0.6897905759162304,0.15706806282722513,0.6570680628272252,0.8141361256544503,1.0745319481373865,0.921411145527809,4.758110386228448,0.24670376360297142,5.1808612702502685,2.6512705243825554,14.832889038129439,85.16711096187056,60,2026-07-30,0.1507507203154556,0.8533333333333333,高,full,A,低风险,保持常规月度复盘，可纳入安全激励,事故与未遂历史,30005车距过近；30002左车道偏移；30003右车道偏移,80,421,0.842
95305867,0.23298429319371727,0.031413612565445025,0.09882198952879581,0.450261780104712,0.6570680628272252,0.599476439790576,2.7140840437488007,0.013815410761766398,0.09765785614429429,2.0273567062306403,5.1808612702502685,1.4374880074559362,11.471263294591708,88.52873670540829,60,2026-07-30,0.19151640059095326,0.6266666666666667,中,full,A,低风险,保持常规月度复盘，可纳入安全激励,事故与未遂历史,30005车距过近；30000前碰撞预警；30002左车道偏移,42,459,0.918
95305894,0.5,0.5,0.5,0.5,0.5,0.5,12.5,3.5,2.5,2.5,3.0,1.0,25.0,75.0,60,2026-07-30,0.31151832460732987,0.0,低,prior_no_observed_behavior,U,证据不足,检查事件源、轨迹和IMU设备；补齐数据前暂缓奖惩,危险驾驶行为,无明显行为事件,198,282,0.585
95305909,0.2094240837696335,0.5157068062827225,0.4862565445026178,0.2879581151832461,0.6570680628272252,0.8429319371727748,2.1929223431375235,3.723349140648556,2.3644542707162635,0.8291987609988762,5.1808612702502685,2.842137002823387,17.132922788574874,82.86707721142513,60,2026-07-30,0.1725052530189314,0.7516666666666666,中,full,B,较低风险,每周反馈主要扣分项，保持常规管理,事故与未遂历史,30005车距过近；30002左车道偏移；30003右车道偏移,103,398,0.796
95305975,0.5471204188481675,0.4083769633507853,0.10863874345549739,0.2356020942408377,0.6570680628272252,0.599476439790576,14.967037636029715,2.3348044187385213,0.11802376579589377,0.5550834681066856,5.1808612702502685,1.4374880074559362,24.59329856637702,75.40670143362298,60,2026-07-30,0.49547747059325586,0.895,高,full,B,较低风险,每周反馈主要扣分项，保持常规管理,事故与未遂历史,30005车距过近；30000前碰撞预警；30017长时间压线,192,309,0.618
95306031,0.5,0.5,0.5,0.5,0.5,0.5,12.5,3.5,2.5,2.5,3.0,1.0,25.0,75.0,60,2026-07-30,0.31151832460732987,0.0,低,prior_no_observed_behavior,U,证据不足,检查事件源、轨迹和IMU设备；补齐数据前暂缓奖惩,危险驾驶行为,无明显行为事件,198,282,0.585
95306073,0.5,0.5,0.5,0.5,0.5,0.5,12.5,3.5,2.5,2.5,3.0,1.0,25.0,75.0,60,2026-07-30,0.31151832460732987,0.0,低,prior_no_observed_behavior,U,证据不足,检查事件源、轨迹和IMU设备；补齐数据前暂缓奖惩,危险驾驶行为,无明显行为事件,198,282,0.585
95306089,0.19633507853403143,0.08376963350785341,0.268979057591623,0.25654450261780104,0.6570680628272252,0.599476439790576,1.9273731531482146,0.09824292097256107,0.7234973342287764,0.6581508182341493,5.1808612702502685,1.4374880074559362,10.025613504289906,89.97438649571009,60,2026-07-30,0.16703172648497489,0.685,中,full,A,低风险,保持常规月度复盘，可纳入安全激励,事故与未遂历史,30005车距过近；30000前碰撞预警；41005抽烟,27,474,0.948
95306122,0.5,0.5,0.5,0.5,0.5,0.5,12.5,3.5,2.5,2.5,3.0,1.0,25.0,75.0,60,2026-07-30,0.31151832460732987,0.0,低,prior_no_observed_behavior,U,证据不足,检查事件源、轨迹和IMU设备；补齐数据前暂缓奖惩,危险驾驶行为,无明显行为事件,198,282,0.585
95306576,0.5,0.5,0.5,0.5,0.5,0.5,12.5,3.5,2.5,2.5,3.0,1.0,25.0,75.0,60,2026-07-30,0.31151832460732987,0.0,低,prior_no_observed_behavior,U,证据不足,检查事件源、轨迹和IMU设备；补齐数据前暂缓奖惩,危险驾驶行为,无明显行为事件,198,282,0.585
95306886,0.5,0.5,0.5,0.5,0.5,0.5,12.5,3.5,2.5,2.5,3.0,1.0,25.0,75.0,60,2026-07-30,0.31151832460732987,0.0,低,prior_no_observed_behavior,U,证据不足,检查事件源、轨迹和IMU设备；补齐数据前暂缓奖惩,危险驾驶行为,无明显行为事件,198,282,0.585
95307277,0.5,0.5,0.5,0.5,0.5,0.5,12.5,3.5,2.5,2.5,3.0,1.0,25.0,75.0,60,2026-07-30,0.31151832460732987,0.0,低,prior_no_observed_behavior,U,证据不足,检查事件源、轨迹和IMU设备；补齐数据前暂缓奖惩,危险驾驶行为,无明显行为事件,198,282,0.585
95800038,0.3089005235602094,0.7958115183246073,0.10405759162303665,0.02617801047120419,0.6570680628272252,0.9764397905759162,4.770976672788574,8.866423617773634,0.10827982374386667,0.006852882322304761,5.1808612702502685,3.813738658479757,22.747132925358407,77.25286707464159,60,2026-07-30,0.23796758570892843,0.9383333333333332,高,full,B,较低风险,每周反馈主要扣分项，保持常规管理,危险驾驶行为,41021摄像头角度扭转；11406高速长下坡超速；41006摄像头遮挡,171,330,0.66
95800048,0.6151832460732984,0.6884816753926701,0.662303664921466,0.7853403141361257,0.7015706806282722,0.9659685863874345,18.92252131246402,6.636098242920973,4.386461445684055,6.167594090074287,5.906417039006605,3.7323812395493543,45.7514733696993,54.2485266303007,60,2026-07-30,0.6396183092164824,0.9366666666666665,高,full,D,高风险,24小时内人工复核，进行专项培训和重点监控,危险驾驶行为,30005车距过近；30000前碰撞预警；41021摄像头角度扭转,349,152,0.304
95800049,0.7015706806282722,0.7853403141361257,0.7041884816753926,0.23036649214659685,0.9581151832460733,0.7094240837696335,24.610070995860855,8.634631726104,4.958814177242948,0.5306872070392807,11.015816452399879,2.0131301225295357,51.763150681176505,48.236849318823495,60,2026-07-30,0.7262711395095667,0.9366666666666665,高,full,E,极高风险,立即人工核查，暂停高风险任务并制定整改计划,事故与未遂历史,30005车距过近；30002左车道偏移；30003右车道偏移,372,129,0.258
95800130,0.468586387434555,0.8952879581151832,0.2604712041884817,0.02617801047120419,0.6570680628272252,0.7460732984293194,10.978660124448345,11.221567391244758,0.6784524821139771,0.006852882322304761,5.1808612702502685,2.226501466516817,30.292895616896466,69.70710438310354,60,2026-07-30,0.3801429337491559,0.9316666666666665,高,full,C,中风险,安排针对性培训，两周后复评,危险驾驶行为,41005抽烟；41009频繁低头；11406高速长下坡超速,261,240,0.48
95800142,0.6649214659685864,0.7774869109947644,0.7814136125654451,0.02617801047120419,0.6570680628272252,0.599476439790576,22.106027795290697,8.46280255475453,6.106072339025794,0.006852882322304761,5.1808612702502685,1.4374880074559362,43.300104849099526,56.699895150900474,60,2026-07-30,0.6978174210982085,0.9366666666666665,高,full,D,高风险,24小时内人工复核，进行专项培训和重点监控,危险驾驶行为,30003右车道偏移；30002左车道偏移；30017长时间压线,334,167,0.334
95800208,0.56282722513089,0.5235602094240838,0.7362565445026178,0.1256544502617801,0.6570680628272252,0.599476439790576,15.838724267426876,3.8376141004906663,5.420736993229353,0.1578904087059017,5.1808612702502685,1.4374880074559362,31.873315047559,68.126684952441,60,2026-07-30,0.5273803483295809,0.93,高,full,C,中风险,安排针对性培训，两周后复评,车辆控制稳定性,30005车距过近；30002左车道偏移；30003右车道偏移,271,230,0.46
95800214,0.6544502617801047,0.7329842931937173,0.6302356020942409,0.12827225130890052,0.7277486910994765,0.9267015706806283,21.415257257202377,7.521723636961705,3.9719691414709035,0.16453770455853733,6.3554178887640145,3.435103204407774,42.86400883336532,57.13599116663468,60,2026-07-30,0.6828942967783167,0.9166666666666666,高,full,D,高风险,24小时内人工复核，进行专项培训和重点监控,危险驾驶行为,30005车距过近；30003右车道偏移；30002左车道偏移,331,170,0.34
95800218,0.7356020942408377,0.725130890052356,0.7441099476439791,0.8795811518324608,0.9109947643979057,0.9581151832460733,27.05552205257531,7.361407307913707,5.536996141827252,7.736630026589184,9.95893752912475,3.6719388174666263,61.32143187549683,38.67856812450317,60,2026-07-30,0.7706390334664448,0.9366666666666665,高,full,E,极高风险,立即人工核查，暂停高风险任务并制定整改计划,事故与未遂历史,30005车距过近；30000前碰撞预警；30002左车道偏移,421,80,0.16
95800225,0.6204188481675392,0.031413612565445025,0.26439790575916233,0.9869109947643979,0.7460732984293194,0.9790575916230366,19.245977358076804,0.013815410761766398,0.699062525698309,9.739933115868535,6.679504399550451,3.834215070858803,40.21250788081467,59.78749211918533,60,2026-07-30,0.6473609346801505,0.9349999999999999,高,full,D,高风险,24小时内人工复核，进行专项培训和重点监控,近端险情,30005车距过近；41006摄像头遮挡；30000前碰撞预警,316,185,0.37
95800306,0.6701570680628273,0.9397905759162304,0.6289267015706806,0.9659685863874345,0.9240837696335078,0.9712041884816754,22.455524793728245,12.36488857213344,3.95548795948576,9.330953098873385,10.247169759600887,3.772950302897399,62.126974486719114,37.873025513280886,60,2026-07-30,0.7073851873979082,0.94,高,full,E,极高风险,立即人工核查，暂停高风险任务并制定整改计划,危险驾驶行为,30005车距过近；41006摄像头遮挡；30000前碰撞预警,425,76,0.152
95800310,0.8036649214659686,0.6308900523560209,0.6976439790575917,0.6020942408376964,0.6570680628272252,0.612565445026178,32.29386529974507,5.57231161426496,4.867071215153095,3.6251747484992194,5.1808612702502685,1.5009456977604783,53.040229845673096,46.959770154326904,60,2026-07-30,0.835086402437083,0.9366666666666665,高,full,E,极高风险,立即人工核查，暂停高风险任务并制定整改计划,危险驾驶行为,30005车距过近；30002左车道偏移；30000前碰撞预警,379,122,0.244
95800397,0.5549738219895288,0.041884816753926704,0.23036649214659688,0.7958115183246073,0.6570680628272252,0.981675392670157,15.399797154683261,0.024560730243140268,0.5306872070392809,6.333159726981168,5.1808612702502685,3.854746306296428,31.323812395493544,68.67618760450645,60,2026-07-30,0.5095678808070472,0.8516666666666666,高,full,C,中风险,安排针对性培训，两周后复评,近端险情,41021摄像头角度扭转；30005车距过近；30000前碰撞预警,267,234,0.468
95800440,0.8455497382198953,0.6204188481675392,0.7002617801047121,0.887434554973822,0.6596858638743456,0.599476439790576,35.74771799018667,5.388873660261505,4.903665606754201,7.875400893615854,5.2222252679476995,1.4374880074559362,60.575371426221864,39.424628573778136,60,2026-07-30,0.8690668106287467,0.9349999999999999,高,full,E,极高风险,立即人工核查，暂停高风险任务并制定整改计划,近端险情,30005车距过近；30000前碰撞预警；30003右车道偏移,419,82,0.164
95800455,0.599476439790576,0.031413612565445025,0.25850785340314136,0.9607329842931938,0.6570680628272252,0.9973821989528796,17.968600093199203,0.013815410761766398,0.6682631027110003,9.23007867108906,5.1808612702502685,3.979085003152326,37.040703551163624,62.959296448836376,60,2026-07-30,0.6129982862121894,0.91,高,full,D,高风险,24小时内人工复核，进行专项培训和重点监控,近端险情,30005车距过近；41021摄像头角度扭转；30000前碰撞预警,306,195,0.39
95800549,0.5340314136125655,0.7120418848167539,0.7964659685863875,0.9136125654450262,0.6570680628272252,0.599476439790576,14.259477536251747,7.098051040267536,6.343580391162524,8.346879197390423,5.1808612702502685,1.4374880074559362,42.66633744277843,57.33366255722157,60,2026-07-30,0.4664053115087209,0.7066666666666666,中,full,D,高风险,24小时内人工复核，进行专项培训和重点监控,近端险情,30005车距过近；30000前碰撞预警；30003右车道偏移,328,173,0.346
95800565,0.5654450261780105,0.5575916230366492,0.49607329842931935,0.24607329842931938,0.7774869109947644,0.9869109947643979,15.98640388147255,4.352717853129026,2.4608871741454457,0.6055206819988488,7.253830761218169,3.8959732463474137,34.55533359831146,65.44466640168855,60,2026-07-30,0.5450849293213791,0.9333333333333332,高,full,C,中风险,安排针对性培训，两周后复评,事故与未遂历史,41021摄像头角度扭转；30005车距过近；30002左车道偏移,291,210,0.42
95800572,0.468586387434555,0.93717277486911,0.24083769633507854,0.02617801047120419,0.6570680628272252,0.599476439790576,10.978660124448345,12.296099339382145,0.580027959759875,0.006852882322304761,5.1808612702502685,1.4374880074559362,30.479989583618877,69.52001041638113,60,2026-07-30,0.37724475734843893,0.9349999999999999,高,full,C,中风险,安排针对性培训，两周后复评,危险驾驶行为,41005抽烟；41003注意力分散；41002打哈欠,264,237,0.474
95800666,0.7617801047120419,0.7277486910994765,0.6780104712041886,0.8219895287958116,0.9973821989528796,0.9790575916230366,29.01544639675448,7.414654203558017,4.596981990625258,6.756667854499603,11.937255009456978,3.834215070858803,63.55522052575314,36.44477947424686,60,2026-07-30,0.7901571934950541,0.9366666666666665,高,full,E,极高风险,立即人工核查，暂停高风险任务并制定整改计划,事故与未遂历史,30005车距过近；30000前碰撞预警；30002左车道偏移,433,68,0.136
95800700,0.6413612565445026,0.8664921465968587,0.7552356020942409,0.9659685863874345,0.9476439790575916,0.9712041884816754,20.567213069817164,10.511320961596448,5.703808146706506,9.330953098873385,10.77634933252926,3.772950302897399,60.66259491242016,39.33740508757984,60,2026-07-30,0.6695020874009946,0.875,高,full,E,极高风险,立即人工核查，暂停高风险任务并制定整改计划,事故与未遂历史,30005车距过近；30000前碰撞预警；30002左车道偏移,420,81,0.162
95800756,0.43717277486910994,0.9607329842931938,0.21858638743455497,0.02617801047120419,0.6570680628272252,0.599476439790576,9.556001754337874,12.922110139524685,0.4778000877168937,0.006852882322304761,5.1808612702502685,1.4374880074559362,29.581114141607966,70.41888585839203,60,2026-07-30,0.3441921046731702,0.9333333333333332,高,full,C,中风险,安排针对性培训，两周后复评,危险驾驶行为,41023看手机；11406高速长下坡超速；41004打电话,256,245,0.49
95800943,0.6335078534031413,0.5916230366492147,0.8102094240837696,0.112565445026178,0.6570680628272252,0.599476439790576,20.0666100161728,4.900249444916532,6.564393108741537,0.12670979413941502,5.1808612702502685,1.4374880074559362,38.276311641676486,61.723688358323514,60,2026-07-30,0.6593171715606321,0.9349999999999999,高,full,D,高风险,24小时内人工复核，进行专项培训和重点监控,车辆控制稳定性,30003右车道偏移；30002左车道偏移；30005车距过近,310,191,0.382
95801036,0.7722513089005235,0.5,0.5765706806282723,0.9973821989528796,1.0,0.9109947643979057,29.81860420492859,3.5,3.3243374976014923,9.947712507880816,12.0,3.319645843041583,61.91030005345248,38.08969994654752,60,2026-07-30,0.8010894558778895,0.9316666666666666,高,full,E,极高风险,立即人工核查，暂停高风险任务并制定整改计划,事故与未遂历史,30005车距过近；30000前碰撞预警；30002左车道偏移,424,77,0.154
95801315,0.5,0.5,0.5,0.5,0.5,0.5,12.5,3.5,2.5,2.5,3.0,1.0,25.0,75.0,60,2026-07-30,0.31151832460732987,0.0,低,prior_no_observed_behavior,U,证据不足,检查事件源、轨迹和IMU设备；补齐数据前暂缓奖惩,危险驾驶行为,无明显行为事件,198,282,0.585
95801894,0.4790575916230366,0.9083769633507853,0.7781413612565444,0.49476439790575916,0.6570680628272252,0.9607329842931938,11.474808804583207,11.552081905649516,6.05503978098188,2.447918094350484,5.1808612702502685,3.692031468435624,40.402741324250975,59.597258675749025,60,2026-07-30,0.3869025968303972,0.7283333333333333,中,full,D,高风险,24小时内人工复核，进行专项培训和重点监控,危险驾驶行为,30005车距过近；41006摄像头遮挡；30000前碰撞预警,317,184,0.368
95801991,0.5078534031413613,0.7068062827225131,0.5608638743455497,0.2513089005235602,0.6570680628272252,0.9031413612565445,12.8957539541131,6.99405169814424,3.145682855459006,0.6315616348236068,5.1808612702502685,3.2626572736492974,32.11056868643952,67.88943131356048,60,2026-07-30,0.4273009732743084,0.74,中,full,C,中风险,安排针对性培训，两周后复评,危险驾驶行为,30005车距过近；30002左车道偏移；30003右车道偏移,274,227,0.454
95802002,0.5,0.5837696335078534,0.36976439790575916,0.04712041884816754,0.6570680628272252,0.9921465968586387,12.5,4.771017790082508,1.3672570995860858,0.02220333872426743,5.1808612702502685,3.937419478632713,27.778758977275846,72.22124102272416,60,2026-07-30,0.4096370429840959,0.9316666666666666,高,full,C,中风险,安排针对性培训，两周后复评,事故与未遂历史,41006摄像头遮挡；30002左车道偏移；30003右车道偏移,241,260,0.52
95802248,0.5,0.5,0.5,0.5,0.5,0.5,12.5,3.5,2.5,2.5,3.0,1.0,25.0,75.0,60,2026-07-30,0.31151832460732987,0.0,低,prior_no_observed_behavior,U,证据不足,检查事件源、轨迹和IMU设备；补齐数据前暂缓奖惩,危险驾驶行为,无明显行为事件,198,282,0.585
95802362,0.5,0.5,0.5,0.5,0.5,0.5,12.5,3.5,2.5,2.5,3.0,1.0,25.0,75.0,60,2026-07-30,0.31151832460732987,0.0,低,prior_no_observed_behavior,U,证据不足,检查事件源、轨迹和IMU设备；补齐数据前暂缓奖惩,危险驾驶行为,无明显行为事件,198,282,0.585
